femaDeclarationString,disasterNumber,state,declarationType,declarationDate,fyDeclared,incidentType,declarationTitle,ihProgramDeclared,iaProgramDeclared,paProgramDeclared,hmProgramDeclared,incidentBeginDate,incidentEndDate,disasterCloseoutDate,tribalRequest,fipsStateCode,fipsCountyCode,placeCode,designatedArea,declarationRequestNumber,lastIAFilingDate,lastRefresh,hash,id,declarationYear,latitude,longitude
EM-3083-NJ,3083,NJ,EM,1980-10-19T00:00:00.000Z,1981,Drought,WATER SHORTAGE,0,0,1,0,1980-10-19T00:00:00.000Z,1980-10-19T00:00:00.000Z,1983-05-21T00:00:00.000Z,0,34,1,99001,Atlantic (County),81009,,2023-05-22T03:41:22.800Z,72313fccec06a314bc0203d50d2028297e737be0,6cd63afa-11d2-450c-8128-e4fdd658a284,1980,39.47790545,-74.66040811
EM-3083-NJ,3083,NJ,EM,1980-10-19T00:00:00.000Z,1981,Drought,WATER SHORTAGE,0,0,1,0,1980-10-19T00:00:00.000Z,1980-10-19T00:00:00.000Z,1983-05-21T00:00:00.000Z,0,34,3,99003,Bergen (County),81009,,2023-05-22T03:41:22.800Z,1cc20842098bb1e1a6e80081647da305d759b31a,7733535f-4d0a-47e6-aaa0-f4f17ec7fabd,1980,40.96008351,-74.07441147
EM-3083-NJ,3083,NJ,EM,1980-10-19T00:00:00.000Z,1981,Drought,WATER SHORTAGE,0,0,1,0,1980-10-19T00:00:00.000Z,1980-10-19T00:00:00.000Z,1983-05-21T00:00:00.000Z,0,34,5,99005,Burlington (County),81009,,2023-05-22T03:41:22.800Z,da31b8399379f45912af2b201c051aed74d98811,198e29db-cc45-4215-af5c-c810cfc7ba27,1980,39.87782133,-74.6680045
EM-3083-NJ,3083,NJ,EM,1980-10-19T00:00:00.000Z,1981,Drought,WATER SHORTAGE,0,0,1,0,1980-10-19T00:00:00.000Z,1980-10-19T00:00:00.000Z,1983-05-21T00:00:00.000Z,0,34,7,99007,Camden (County),81009,,2023-05-22T03:41:22.800Z,fdfdd0ed885759f12bb958bea236df99ac4908d0,93bd04c9-dc2b-4171-ba3d-a1d63f2b5b27,1980,39.80401748,-74.96012063
EM-3083-NJ,3083,NJ,EM,1980-10-19T00:00:00.000Z,1981,Drought,WATER SHORTAGE,0,0,1,0,1980-10-19T00:00:00.000Z,1980-10-19T00:00:00.000Z,1983-05-21T00:00:00.000Z,0,34,9,99009,Cape May (County),81009,,2023-05-22T03:41:22.800Z,1abea42acf9078b7d52269bc133cfb78497ee067,efe44491-2050-4dc4-acc5-428da5a8758f,1980,39.14901203,-74.80053334
EM-3083-NJ,3083,NJ,EM,1980-10-19T00:00:00.000Z,1981,Drought,WATER SHORTAGE,0,0,1,0,1980-10-19T00:00:00.000Z,1980-10-19T00:00:00.000Z,1983-05-21T00:00:00.000Z,0,34,11,99011,Cumberland (County),81009,,2023-05-22T03:41:22.800Z,3ce54e093e7692e530c48c0bb7ce6e56652390fb,1a8b3c06-f4f7-432c-b661-f6255096a3d1,1980,39.37323951,-75.11135485
EM-3083-NJ,3083,NJ,EM,1980-10-19T00:00:00.000Z,1981,Drought,WATER SHORTAGE,0,0,1,0,1980-10-19T00:00:00.000Z,1980-10-19T00:00:00.000Z,1983-05-21T00:00:00.000Z,0,34,13,99013,Essex (County),81009,,2023-05-22T03:41:22.800Z,b9e031417c84a9647935592302647e552f76bf70,9332c7de-e856-49c2-b18e-37a9c1186779,1980,40.78746195,-74.24718209
EM-3083-NJ,3083,NJ,EM,1980-10-19T00:00:00.000Z,1981,Drought,WATER SHORTAGE,0,0,1,0,1980-10-19T00:00:00.000Z,1980-10-19T00:00:00.000Z,1983-05-21T00:00:00.000Z,0,34,15,99015,Gloucester (County),81009,,2023-05-22T03:41:22.800Z,42c43b5e181b0a1a7eeecf9066ace594d922bc4f,0ce592a6-629b-40b7-9ed9-524b0e786a5e,1980,39.71694144,-75.14071747
EM-3083-NJ,3083,NJ,EM,1980-10-19T00:00:00.000Z,1981,Drought,WATER SHORTAGE,0,0,1,0,1980-10-19T00:00:00.000Z,1980-10-19T00:00:00.000Z,1983-05-21T00:00:00.000Z,0,34,17,99017,Hudson (County),81009,,2023-05-22T03:41:22.800Z,b1067c1caf2244d950fd27c4a1b8d772e6f4d7f2,8b59846e-5fd0-4c20-9ce5-3d46a741376b,1980,40.73476975,-74.07753388
EM-3083-NJ,3083,NJ,EM,1980-10-19T00:00:00.000Z,1981,Drought,WATER SHORTAGE,0,0,1,0,1980-10-19T00:00:00.000Z,1980-10-19T00:00:00.000Z,1983-05-21T00:00:00.000Z,0,34,19,99019,Hunterdon (County),81009,,2023-05-22T03:41:22.800Z,af666e6124fe6e2112b0b25e1211ffda82436c00,af32ab4e-25cc-4ba7-8efd-b4fe5539e3e5,1980,40.56697742,-74.91261058
EM-3083-NJ,3083,NJ,EM,1980-10-19T00:00:00.000Z,1981,Drought,WATER SHORTAGE,0,0,1,0,1980-10-19T00:00:00.000Z,1980-10-19T00:00:00.000Z,1983-05-21T00:00:00.000Z,0,34,21,99021,Mercer (County),81009,,2023-05-22T03:41:22.800Z,e90ce22edd60ffe3e2f5632091000255c2597eef,ef01ee7e-a687-4a09-a749-cdf34a55f11b,1980,40.28339139,-74.70164497
EM-3083-NJ,3083,NJ,EM,1980-10-19T00:00:00.000Z,1981,Drought,WATER SHORTAGE,0,0,1,0,1980-10-19T00:00:00.000Z,1980-10-19T00:00:00.000Z,1983-05-21T00:00:00.000Z,0,34,23,99023,Middlesex (County),81009,,2023-05-22T03:41:22.800Z,a620b305467c2a0369b991ada76ffaba8e13698a,dafd5255-adff-4de7-92c9-222fcedd7ae7,1980,40.43949114,-74.41108832
EM-3083-NJ,3083,NJ,EM,1980-10-19T00:00:00.000Z,1981,Drought,WATER SHORTAGE,0,0,1,0,1980-10-19T00:00:00.000Z,1980-10-19T00:00:00.000Z,1983-05-21T00:00:00.000Z,0,34,25,99025,Monmouth (County),81009,,2023-05-22T03:41:22.800Z,5fffcf673d3d013bee780e746c97c404a27ea2cc,347416c4-f3ee-40c1-90f3-b3b19b8e08ce,1980,40.2606812,-74.22051128
EM-3083-NJ,3083,NJ,EM,1980-10-19T00:00:00.000Z,1981,Drought,WATER SHORTAGE,0,0,1,0,1980-10-19T00:00:00.000Z,1980-10-19T00:00:00.000Z,1983-05-21T00:00:00.000Z,0,34,27,99027,Morris (County),81009,,2023-05-22T03:41:22.800Z,394f3b055cf03bb8cd0a2f37ba1230b5c9967915,353c29d4-c206-472a-9616-9ad0e2f9a1a0,1980,40.86163004,-74.54440839
EM-3083-NJ,3083,NJ,EM,1980-10-19T00:00:00.000Z,1981,Drought,WATER SHORTAGE,0,0,1,0,1980-10-19T00:00:00.000Z,1980-10-19T00:00:00.000Z,1983-05-21T00:00:00.000Z,0,34,29,99029,Ocean (County),81009,,2023-05-22T03:41:22.800Z,29c3ee4e346ae0986d52d5d016528dcadd022bf0,d71c67e5-717f-4ed2-874c-66ad0a8acf7b,1980,39.88494891,-74.28147189
EM-3083-NJ,3083,NJ,EM,1980-10-19T00:00:00.000Z,1981,Drought,WATER SHORTAGE,0,0,1,0,1980-10-19T00:00:00.000Z,1980-10-19T00:00:00.000Z,1983-05-21T00:00:00.000Z,0,34,31,99031,Passaic (County),81009,,2023-05-22T03:41:22.800Z,c58d5e614d81b137607fddb3dd7a2846d14551ce,9953db42-4162-40d7-91b8-483bf9ee72b8,1980,41.03446344,-74.30115633
EM-3083-NJ,3083,NJ,EM,1980-10-19T00:00:00.000Z,1981,Drought,WATER SHORTAGE,0,0,1,0,1980-10-19T00:00:00.000Z,1980-10-19T00:00:00.000Z,1983-05-21T00:00:00.000Z,0,34,33,99033,Salem (County),81009,,2023-05-22T03:41:22.800Z,9f021a41a7c9a9ed9de38b5c85d18490442f5902,efa1458f-0e7a-4a4c-b46a-d20c13f4593b,1980,39.58787069,-75.34910669
EM-3083-NJ,3083,NJ,EM,1980-10-19T00:00:00.000Z,1981,Drought,WATER SHORTAGE,0,0,1,0,1980-10-19T00:00:00.000Z,1980-10-19T00:00:00.000Z,1983-05-21T00:00:00.000Z,0,34,35,99035,Somerset (County),81009,,2023-05-22T03:41:22.800Z,a7bb190faf606f0224d880031ca4842e35fc6921,f49822cf-4469-4bd9-ab29-196bc87afd28,1980,40.56375707,-74.61645904
EM-3083-NJ,3083,NJ,EM,1980-10-19T00:00:00.000Z,1981,Drought,WATER SHORTAGE,0,0,1,0,1980-10-19T00:00:00.000Z,1980-10-19T00:00:00.000Z,1983-05-21T00:00:00.000Z,0,34,37,99037,Sussex (County),81009,,2023-05-22T03:41:22.800Z,105e197cfb49ea1f9ed7ce09bf05e546003a18dd,42759813-cc33-425e-b5de-63f598f859c8,1980,41.13935722,-74.69082533
EM-3083-NJ,3083,NJ,EM,1980-10-19T00:00:00.000Z,1981,Drought,WATER SHORTAGE,0,0,1,0,1980-10-19T00:00:00.000Z,1980-10-19T00:00:00.000Z,1983-05-21T00:00:00.000Z,0,34,39,99039,Union (County),81009,,2023-05-22T03:41:22.800Z,922a0e02912435b7e0a0973449ed226562271377,9ce37265-d2ae-4db7-85cc-fb6972d6ee28,1980,40.65928966,-74.30721513
EM-3083-NJ,3083,NJ,EM,1980-10-19T00:00:00.000Z,1981,Drought,WATER SHORTAGE,0,0,1,0,1980-10-19T00:00:00.000Z,1980-10-19T00:00:00.000Z,1983-05-21T00:00:00.000Z,0,34,41,99041,Warren (County),81009,,2023-05-22T03:41:22.800Z,de773216d3217c954cba630a6ca6326e35ad0d4a,a55b05c4-f962-4fd0-bf28-559a8c007283,1980,40.85746195,-74.99647914
EM-3082-ME,3082,ME,EM,1980-09-20T00:00:00.000Z,1980,Fishing Losses,RED TIDE-TOXIC ALGAE,0,1,0,0,1980-09-20T00:00:00.000Z,1980-09-20T00:00:00.000Z,1984-10-24T00:00:00.000Z,0,23,5,99005,Cumberland (County),80069,,2023-05-22T03:41:22.800Z,6905b8122de24ef487f8411d271f84f8eabcf2ab,9df122dd-4c31-408a-8ddc-5edb5e857817,1980,43.83897334,-70.37661287
EM-3082-ME,3082,ME,EM,1980-09-20T00:00:00.000Z,1980,Fishing Losses,RED TIDE-TOXIC ALGAE,0,1,0,0,1980-09-20T00:00:00.000Z,1980-09-20T00:00:00.000Z,1984-10-24T00:00:00.000Z,0,23,9,99009,Hancock (County),80069,,2023-05-22T03:41:22.800Z,fed6774ea5f79cc7293bd7cc07cd1bb075b98418,119bcaa9-f9bd-4c5c-b042-f2486cd6dc7f,1980,44.64373173,-68.35862848
EM-3082-ME,3082,ME,EM,1980-09-20T00:00:00.000Z,1980,Fishing Losses,RED TIDE-TOXIC ALGAE,0,1,0,0,1980-09-20T00:00:00.000Z,1980-09-20T00:00:00.000Z,1984-10-24T00:00:00.000Z,0,23,13,99013,Knox (County),80069,,2023-05-22T03:41:22.800Z,7469eb59f6de2f4c4f9e192c68f3fd2c00ad7905,c719de6c-cb24-47cb-9f65-f07e5c4f4c77,1980,44.12441708,-69.15278458
EM-3082-ME,3082,ME,EM,1980-09-20T00:00:00.000Z,1980,Fishing Losses,RED TIDE-TOXIC ALGAE,0,1,0,0,1980-09-20T00:00:00.000Z,1980-09-20T00:00:00.000Z,1984-10-24T00:00:00.000Z,0,23,15,99015,Lincoln (County),80069,,2023-05-22T03:41:22.800Z,06b800bdc0755ea072fd7e91b7283df56ca5bde3,245b012a-551f-48ee-bb67-fd1ea45b8a06,1980,44.06333351,-69.54198777
EM-3082-ME,3082,ME,EM,1980-09-20T00:00:00.000Z,1980,Fishing Losses,RED TIDE-TOXIC ALGAE,0,1,0,0,1980-09-20T00:00:00.000Z,1980-09-20T00:00:00.000Z,1984-10-24T00:00:00.000Z,0,23,23,99023,Sagadahoc (County),80069,,2023-05-22T03:41:22.800Z,cd4d80f57b2b209401bdaba77d87101fceba0fe4,362e041f-d754-4f66-9b7f-fe045c9551fc,1980,43.95888365,-69.85358192
EM-3082-ME,3082,ME,EM,1980-09-20T00:00:00.000Z,1980,Fishing Losses,RED TIDE-TOXIC ALGAE,0,1,0,0,1980-09-20T00:00:00.000Z,1980-09-20T00:00:00.000Z,1984-10-24T00:00:00.000Z,0,23,27,99027,Waldo (County),80069,,2023-05-22T03:41:22.800Z,f7550bac312edd4fa4f4c716a4c79fa7c74d6361,04a6e1c0-c897-438b-9c9e-3560b2c475cc,1980,44.50136648,-69.14427892
EM-3082-ME,3082,ME,EM,1980-09-20T00:00:00.000Z,1980,Fishing Losses,RED TIDE-TOXIC ALGAE,0,1,0,0,1980-09-20T00:00:00.000Z,1980-09-20T00:00:00.000Z,1984-10-24T00:00:00.000Z,0,23,29,99029,Washington (County),80069,,2023-05-22T03:41:22.800Z,acfd87bce5f658a371d97a26ab518d1d1e43c0ea,afbc593e-e32b-4000-9840-34ee782c3ca7,1980,45.02177186,-67.62910779
EM-3082-ME,3082,ME,EM,1980-09-20T00:00:00.000Z,1980,Fishing Losses,RED TIDE-TOXIC ALGAE,0,1,0,0,1980-09-20T00:00:00.000Z,1980-09-20T00:00:00.000Z,1984-10-24T00:00:00.000Z,0,23,31,99031,"York (County)(in MSA 6400,6450)",80069,,2023-05-22T03:41:22.800Z,675a3922a7be4e1dab95d0e3276a90112ba776bd,e993fb65-6d96-4559-9260-8af1575279d9,1980,43.47829059,-70.7143165
EM-3081-PA,3081,PA,EM,1980-06-13T00:00:00.000Z,1980,Tornado,SEVERE STORMS & TORNADOES,0,1,0,0,1980-06-13T00:00:00.000Z,1980-06-13T00:00:00.000Z,1980-07-21T00:00:00.000Z,0,42,3,99003,Allegheny (County),80047,,2023-05-22T03:41:22.800Z,676edd6a7552499572381ccb26dda4ee655a2cce,95ff5868-ee8f-41f3-89d2-7cd55013edd0,1980,40.46880438,-79.9817588
EM-3081-PA,3081,PA,EM,1980-06-13T00:00:00.000Z,1980,Tornado,SEVERE STORMS & TORNADOES,0,1,0,0,1980-06-13T00:00:00.000Z,1980-06-13T00:00:00.000Z,1980-07-21T00:00:00.000Z,0,42,5,99005,Armstrong (County),80047,,2023-05-22T03:41:22.800Z,b594e635123a0dabf210e4b03a441631f8c1e6fc,4a5215dc-198c-45d9-86a5-4af9f0db60f2,1980,40.81298372,-79.46505466
EM-3081-PA,3081,PA,EM,1980-06-13T00:00:00.000Z,1980,Tornado,SEVERE STORMS & TORNADOES,0,1,0,0,1980-06-13T00:00:00.000Z,1980-06-13T00:00:00.000Z,1980-07-21T00:00:00.000Z,0,42,63,99063,Indiana (County),80047,,2023-05-22T03:41:22.800Z,02707ab030e0bc8835198c76850b2a5fee61bc89,131ae4d1-62e3-45fa-aea9-4e49f2c6287d,1980,40.65207806,-79.08763255
EM-3081-PA,3081,PA,EM,1980-06-13T00:00:00.000Z,1980,Tornado,SEVERE STORMS & TORNADOES,0,1,0,0,1980-06-13T00:00:00.000Z,1980-06-13T00:00:00.000Z,1980-07-21T00:00:00.000Z,0,42,129,99129,Westmoreland (County),80047,,2023-05-22T03:41:22.800Z,b5949be09c1213e00464c4438674957437e45e70,7a7c2603-f489-4b10-850b-6850aa91def1,1980,40.31090839,-79.46732917
EM-3080-NY,3080,NY,EM,1980-05-21T00:00:00.000Z,1980,Toxic Substances,"CHEMICAL WASTE, LOVE CANAL",0,0,1,0,1980-05-21T00:00:00.000Z,1980-05-21T00:00:00.000Z,2003-01-15T00:00:00.000Z,0,36,63,99063,Niagara (County),80039,,2023-05-22T03:41:22.800Z,edaded12100cad37e4a70690fd998d16bddea4e6,71a5bc3a-2137-4fbc-a92d-32ea160433ce,1980,43.20013175,-78.7453209
EM-3079-FL,3079,FL,EM,1980-05-06T00:00:00.000Z,1980,Human Cause,UNDOCUMENTED ALIENS,0,0,1,0,1980-05-06T00:00:00.000Z,1980-05-06T00:00:00.000Z,1994-02-10T00:00:00.000Z,0,12,11,99011,Broward (County),80032,,2023-05-22T03:41:22.800Z,194087f0739c077bb1ed6b6904cd1112c1f038b7,b14ab1b8-3e03-4fcf-b4d2-b21f448ddab3,1980,26.15220703,-80.48723143
EM-3079-FL,3079,FL,EM,1980-05-06T00:00:00.000Z,1980,Human Cause,UNDOCUMENTED ALIENS,0,0,1,0,1980-05-06T00:00:00.000Z,1980-05-06T00:00:00.000Z,1994-02-10T00:00:00.000Z,0,12,86,99025,Dade (County),80032,,2023-05-22T03:41:22.800Z,4459ac3df9a21bc82e6d729dc163cb8e6f08d4db,701c9a22-9dc5-4839-8ea6-b7dab9d610a3,1980,25.61511557,-80.55914415
EM-3079-FL,3079,FL,EM,1980-05-06T00:00:00.000Z,1980,Human Cause,UNDOCUMENTED ALIENS,0,0,1,0,1980-05-06T00:00:00.000Z,1980-05-06T00:00:00.000Z,1994-02-10T00:00:00.000Z,0,12,87,99087,Monroe (County),80032,,2023-05-22T03:41:22.800Z,9f90001969769658d1d505ddd41ef17c791b0ed9,8bc068df-70d9-4fcb-adea-fe3204868882,1980,25.27277607,-81.12021765
EM-3079-FL,3079,FL,EM,1980-05-06T00:00:00.000Z,1980,Human Cause,UNDOCUMENTED ALIENS,0,0,1,0,1980-05-06T00:00:00.000Z,1980-05-06T00:00:00.000Z,1994-02-10T00:00:00.000Z,0,12,99,99099,Palm Beach (County),80032,,2023-05-22T03:41:22.800Z,d6b2a7fad1a5fa08374aa33c3087e3d36af5c623,3c97792c-b04e-4b67-94fa-afc27bb2487a,1980,26.64741122,-80.46503899
EM-3078-CA,3078,CA,EM,1980-02-01T00:00:00.000Z,1980,Coastal Storm,"TORRENTIAL RAIN, HIGH TIDE & WINDS",0,0,1,0,1980-02-01T00:00:00.000Z,1980-02-01T00:00:00.000Z,1986-03-27T00:00:00.000Z,0,6,13,99013,Contra Costa (County),80012,,2023-05-22T03:41:22.800Z,eb2f85cfa82ab56bb4f8a3b7390176186f9d1e7c,9a4f6150-b473-47ff-a371-80ab92b732fe,1980,37.91933375,-121.9281273
EM-3078-CA,3078,CA,EM,1980-02-01T00:00:00.000Z,1980,Coastal Storm,"TORRENTIAL RAIN, HIGH TIDE & WINDS",0,0,1,0,1980-02-01T00:00:00.000Z,1980-02-01T00:00:00.000Z,1986-03-27T00:00:00.000Z,0,6,67,99067,Sacramento (County),80012,,2023-05-22T03:41:22.800Z,6046b0f8a1afc4cd5c5aa6cf87562e55dadf54d4,a78b6d70-6d64-4ca7-a41c-13ef56f86966,1980,38.44881725,-121.3445212
EM-3078-CA,3078,CA,EM,1980-02-01T00:00:00.000Z,1980,Coastal Storm,"TORRENTIAL RAIN, HIGH TIDE & WINDS",0,0,1,0,1980-02-01T00:00:00.000Z,1980-02-01T00:00:00.000Z,1986-03-27T00:00:00.000Z,0,6,77,99077,San Joaquin (County),80012,,2023-05-22T03:41:22.800Z,4f9a0a96da6337cdd482a3b74b34424b1b3fa363,7ca77c73-e0a8-4351-9986-a8e303bee7aa,1980,37.9345275,-121.2712102
FM-2040-CO,2040,CO,FM,1980-06-15T00:00:00.000Z,1980,Fire,BEAR TRAP FIRE,0,0,1,0,1980-06-15T00:00:00.000Z,1980-06-15T00:00:00.000Z,1984-08-20T00:00:00.000Z,0,8,0,0,Statewide,80048,,2023-05-22T03:41:22.800Z,3ad7e24d8a9d23262afb293a602933a7f4425b95,eb455092-51c0-473e-9fa8-14d404f47bad,1980,,
FM-2039-WI,2039,WI,FM,1980-04-24T00:00:00.000Z,1980,Fire,"SPOONER FIRE, WASHBURN CO.",0,0,1,0,1980-04-24T00:00:00.000Z,1980-04-24T00:00:00.000Z,1984-07-10T00:00:00.000Z,0,55,0,0,Statewide,80029,,2023-05-22T03:41:22.800Z,522c840d0cbd8e93b24ffddae5a30ed6535d4732,69a13561-4050-4ebd-ad11-70e889ffc888,1980,,
DR-635-CA,635,CA,DR,1980-11-27T00:00:00.000Z,1981,Fire,BRUSH & TIMBER FIRES,0,1,1,0,1980-11-27T00:00:00.000Z,1980-11-27T00:00:00.000Z,1991-08-23T00:00:00.000Z,0,6,37,99037,Los Angeles (County),81012,,2023-05-22T03:41:22.800Z,c5f876411b2cb7b3dd0cc161bada1f7168124e19,cdef8f15-e7cb-4af2-b601-6622faa6861f,1980,34.32134579,-118.224703
DR-635-CA,635,CA,DR,1980-11-27T00:00:00.000Z,1981,Fire,BRUSH & TIMBER FIRES,0,1,1,0,1980-11-27T00:00:00.000Z,1980-11-27T00:00:00.000Z,1991-08-23T00:00:00.000Z,0,6,59,99059,Orange (County),81012,,2023-05-22T03:41:22.800Z,39246b6c073ccbc8869f75f8e3a0c5c039987e46,4a145fa7-7cbf-49cb-b855-bfaa07239284,1980,33.70311134,-117.760976
DR-635-CA,635,CA,DR,1980-11-27T00:00:00.000Z,1981,Fire,BRUSH & TIMBER FIRES,0,1,1,0,1980-11-27T00:00:00.000Z,1980-11-27T00:00:00.000Z,1991-08-23T00:00:00.000Z,0,6,65,99065,Riverside (County),81012,,2023-05-22T03:41:22.800Z,454c9a9b45bf6afa4666a22de9bc57313bd1625b,03102b58-0790-4fb9-a71e-306e4608af03,1980,33.74329781,-115.9939021
DR-635-CA,635,CA,DR,1980-11-27T00:00:00.000Z,1981,Fire,BRUSH & TIMBER FIRES,0,1,1,0,1980-11-27T00:00:00.000Z,1980-11-27T00:00:00.000Z,1991-08-23T00:00:00.000Z,0,6,71,99071,San Bernardino (County),81012,,2023-05-22T03:41:22.800Z,55445b1344723d8d2825b6d8921fefb5b4577195,5f7dfdad-5528-467c-9121-6b88cfda4b25,1980,34.84157876,-116.1783784
DR-634-MP,634,MP,DR,1980-11-27T00:00:00.000Z,1981,Typhoon,TYPHOON DINAH,0,1,1,0,1980-11-27T00:00:00.000Z,1980-11-27T00:00:00.000Z,1987-06-02T00:00:00.000Z,0,69,85,99085,Northern Islands (Municipality),81011,,2023-05-22T03:41:22.800Z,cc9c72fe9e16df273c3bea0c0a80973431ea4f54,d819a4d9-0bda-4b67-b877-bcfed99958f4,1980,17.86407261,145.706722
DR-633-CA,633,CA,DR,1980-10-02T00:00:00.000Z,1981,Flood,LEVEE BREAK & FLOODING,0,0,1,0,1980-10-02T00:00:00.000Z,1980-10-02T00:00:00.000Z,1987-04-23T00:00:00.000Z,0,6,77,99077,San Joaquin (County),81001,,2023-05-22T03:41:22.800Z,63e62805eb7baa6f4ea9a4c46255c76ace25fa2c,317bf1dd-b9b6-4a8f-8c52-bbb1b174ecca,1980,37.9345275,-121.2712102
DR-632-TX,632,TX,DR,1980-09-26T00:00:00.000Z,1980,Flood,TROPICAL STORM DANIELLE,0,1,1,0,1980-09-26T00:00:00.000Z,1980-09-26T00:00:00.000Z,1983-10-31T00:00:00.000Z,0,48,245,99245,Jefferson (County),80070,,2023-05-22T03:41:22.800Z,dab992cd2987da29b66d186e13e6a51c420259fd,4d124caf-41b8-409d-88bc-5ebd2db7c452,1980,29.88337578,-94.16307113
DR-632-TX,632,TX,DR,1980-09-26T00:00:00.000Z,1980,Flood,TROPICAL STORM DANIELLE,0,1,1,0,1980-09-26T00:00:00.000Z,1980-09-26T00:00:00.000Z,1983-10-31T00:00:00.000Z,0,48,353,99353,Nolan (County),80070,,2023-05-22T03:41:22.800Z,bcdf01e4f33d148fcc1aacecf8220739ddd15ef5,a9dd7075-fe0c-4e47-aca4-6d711d9aa34c,1980,32.30390399,-100.4060382
DR-631-MI,631,MI,DR,1980-09-08T00:00:00.000Z,1980,Flood,SEVERE STORMS & FLOODING,0,0,1,0,1980-09-08T00:00:00.000Z,1980-09-08T00:00:00.000Z,1988-08-03T00:00:00.000Z,0,26,5,99005,Allegan (County),80068,,2023-05-22T03:41:22.800Z,f169a97077a755e43d3afd119803b4c166c10d09,d4a3d649-20a8-4dd8-ae4d-34f85d3b9140,1980,42.59147142,-85.88845897
DR-631-MI,631,MI,DR,1980-09-08T00:00:00.000Z,1980,Flood,SEVERE STORMS & FLOODING,0,0,1,0,1980-09-08T00:00:00.000Z,1980-09-08T00:00:00.000Z,1988-08-03T00:00:00.000Z,0,26,21,99021,Berrien (County),80068,,2023-05-22T03:41:22.800Z,8c01aa7885259f07be1f552be86747aff79449cb,f39bf005-5553-4725-b1eb-56e055cdd629,1980,41.95468812,-86.41252941
DR-631-MI,631,MI,DR,1980-09-08T00:00:00.000Z,1980,Flood,SEVERE STORMS & FLOODING,0,0,1,0,1980-09-08T00:00:00.000Z,1980-09-08T00:00:00.000Z,1988-08-03T00:00:00.000Z,0,26,25,99025,Calhoun (County),80068,,2023-05-22T03:41:22.800Z,1dddfdcbccb7807b99094a657c70aa091f68f7ed,a2e2cdd0-d4ef-4155-a0e3-b47c09b7dbf3,1980,42.24636617,-85.00508394
DR-631-MI,631,MI,DR,1980-09-08T00:00:00.000Z,1980,Flood,SEVERE STORMS & FLOODING,0,0,1,0,1980-09-08T00:00:00.000Z,1980-09-08T00:00:00.000Z,1988-08-03T00:00:00.000Z,0,26,27,99027,Cass (County),80068,,2023-05-22T03:41:22.800Z,8b479dcd5deb2536e04183bffb68c850eeb7eebe,7523475f-0a9c-4027-9ed4-41f2f8998e4d,1980,41.91545547,-85.99403741
DR-631-MI,631,MI,DR,1980-09-08T00:00:00.000Z,1980,Flood,SEVERE STORMS & FLOODING,0,0,1,0,1980-09-08T00:00:00.000Z,1980-09-08T00:00:00.000Z,1988-08-03T00:00:00.000Z,0,26,75,99075,Jackson (County),80068,,2023-05-22T03:41:22.800Z,448800ab7bdf9e186986e60713809b738e88bd4b,99c9685b-6d44-420e-80e0-513832158f1e,1980,42.24852059,-84.42251355
DR-631-MI,631,MI,DR,1980-09-08T00:00:00.000Z,1980,Flood,SEVERE STORMS & FLOODING,0,0,1,0,1980-09-08T00:00:00.000Z,1980-09-08T00:00:00.000Z,1988-08-03T00:00:00.000Z,0,26,139,99139,Ottawa (County),80068,,2023-05-22T03:41:22.800Z,7e0d9c7dd69470fb75726c85f3bdf85bc4ba8a56,7b4bb238-3d79-4bc6-aef8-02adf4ac62e4,1980,42.95990607,-85.9964531
DR-631-MI,631,MI,DR,1980-09-08T00:00:00.000Z,1980,Flood,SEVERE STORMS & FLOODING,0,0,1,0,1980-09-08T00:00:00.000Z,1980-09-08T00:00:00.000Z,1988-08-03T00:00:00.000Z,0,26,149,99149,St. Joseph (County),80068,,2023-05-22T03:41:22.800Z,f5969c7c32eb54c756231ac5a86f494a5ea7865d,95a9ee22-da99-48b3-930a-8095d2f7ff67,1980,41.91439741,-85.52810068
DR-631-MI,631,MI,DR,1980-09-08T00:00:00.000Z,1980,Flood,SEVERE STORMS & FLOODING,0,0,1,0,1980-09-08T00:00:00.000Z,1980-09-08T00:00:00.000Z,1988-08-03T00:00:00.000Z,0,26,159,99159,Van Buren (County),80068,,2023-05-22T03:41:22.800Z,2f5bd5191c9ae31e8cb04120fa94c86cd6775096,b8abed13-a512-490f-b934-6e5ba5c14a45,1980,42.25166438,-86.01839482
DR-631-MI,631,MI,DR,1980-09-08T00:00:00.000Z,1980,Flood,SEVERE STORMS & FLOODING,0,0,1,0,1980-09-08T00:00:00.000Z,1980-09-08T00:00:00.000Z,1988-08-03T00:00:00.000Z,0,26,161,99161,Washtenaw (County),80068,,2023-05-22T03:41:22.800Z,a0eb754f540706d5fe5a7c96875e5661665f1998,1b767d7c-1e41-4706-ab29-808d8f53a17d,1980,42.25344402,-83.83879891
DR-631-MI,631,MI,DR,1980-09-08T00:00:00.000Z,1980,Flood,SEVERE STORMS & FLOODING,0,0,1,0,1980-09-08T00:00:00.000Z,1980-09-08T00:00:00.000Z,1988-08-03T00:00:00.000Z,0,26,163,99163,Wayne (County),80068,,2023-05-22T03:41:22.800Z,f1b84c15a29fd93e8339eff77b2d9e71c2af2e65,99d7b9fe-8cc3-4316-bb48-23e31a627feb,1980,42.28172038,-83.28221321
DR-630-OH,630,OH,DR,1980-08-23T00:00:00.000Z,1980,Flood,SEVERE STORMS & FLOODING,0,0,1,0,1980-08-23T00:00:00.000Z,1980-08-23T00:00:00.000Z,1988-08-03T00:00:00.000Z,0,39,111,99111,Monroe (County),80065,,2023-05-22T03:41:22.800Z,8583de874cf33226a1e281c365021b6f9cb53262,225f6c4d-6824-4323-9600-a03a1654ca95,1980,39.72753365,-81.08267492
DR-630-OH,630,OH,DR,1980-08-23T00:00:00.000Z,1980,Flood,SEVERE STORMS & FLOODING,0,0,1,0,1980-08-23T00:00:00.000Z,1980-08-23T00:00:00.000Z,1988-08-03T00:00:00.000Z,0,39,121,99121,Noble (County),80065,,2023-05-22T03:41:22.800Z,677c96775b035613d7cb3be1eec4504d437af0d2,9c34f276-9437-4c75-a6d4-556c5463c688,1980,39.7660752,-81.45612561
DR-630-OH,630,OH,DR,1980-08-23T00:00:00.000Z,1980,Flood,SEVERE STORMS & FLOODING,0,1,1,0,1980-08-23T00:00:00.000Z,1980-08-23T00:00:00.000Z,1988-08-03T00:00:00.000Z,0,39,13,99013,Belmont (County),80065,,2023-05-22T03:41:22.800Z,7388f22bb9f99a9688f2c0f359f04e4ea07fa36a,bc1fd98e-cf0d-43b4-87de-6d504fc9b1b8,1980,40.01576203,-80.98861998
DR-630-OH,630,OH,DR,1980-08-23T00:00:00.000Z,1980,Flood,SEVERE STORMS & FLOODING,0,1,1,0,1980-08-23T00:00:00.000Z,1980-08-23T00:00:00.000Z,1988-08-03T00:00:00.000Z,0,39,29,99029,Columbiana (County),80065,,2023-05-22T03:41:22.800Z,834ef1b5dc7effd7fd69beffa95336ea685ab9ae,1fe25e95-f367-4bf2-b0da-905adaeb04ce,1980,40.76853311,-80.77709087
DR-630-OH,630,OH,DR,1980-08-23T00:00:00.000Z,1980,Flood,SEVERE STORMS & FLOODING,0,1,1,0,1980-08-23T00:00:00.000Z,1980-08-23T00:00:00.000Z,1988-08-03T00:00:00.000Z,0,39,59,99059,Guernsey (County),80065,,2023-05-22T03:41:22.800Z,43ba0ce4ac1389ef5cb10e320bec06f0ada1c1ce,c1246fe1-9362-40e6-841a-ebcf37ed552d,1980,40.05191963,-81.49400106
DR-630-OH,630,OH,DR,1980-08-23T00:00:00.000Z,1980,Flood,SEVERE STORMS & FLOODING,0,1,1,0,1980-08-23T00:00:00.000Z,1980-08-23T00:00:00.000Z,1988-08-03T00:00:00.000Z,0,39,81,99081,Jefferson (County),80065,,2023-05-22T03:41:22.800Z,aa609a057a20b9b9e7ab1b4f6bacd4f003d607f7,7f4e0ee3-699a-44ae-a7a6-579d5e58462d,1980,40.38470042,-80.76113054
DR-630-OH,630,OH,DR,1980-08-23T00:00:00.000Z,1980,Flood,SEVERE STORMS & FLOODING,0,1,1,0,1980-08-23T00:00:00.000Z,1980-08-23T00:00:00.000Z,1988-08-03T00:00:00.000Z,0,39,119,99119,Muskingum (County),80065,,2023-05-22T03:41:22.800Z,41c292e793275aff4cd8a117a3017548517ae479,e642c7d7-ef0e-409b-a6cb-816d40e60a24,1980,39.96581387,-81.94452332
DR-629-PA,629,PA,DR,1980-08-19T00:00:00.000Z,1980,Flood,SEVERE STORMS & FLOODING,0,1,1,0,1980-08-19T00:00:00.000Z,1980-08-19T00:00:00.000Z,1989-06-15T00:00:00.000Z,0,42,5,99005,Armstrong (County),80064,,2023-05-22T03:41:22.800Z,8b425a106d20eb170f20c376e047b9709404d9c1,137a5833-52a0-413d-a553-abd4a2eeb75c,1980,40.81298372,-79.46505466
DR-629-PA,629,PA,DR,1980-08-19T00:00:00.000Z,1980,Flood,SEVERE STORMS & FLOODING,0,1,1,0,1980-08-19T00:00:00.000Z,1980-08-19T00:00:00.000Z,1989-06-15T00:00:00.000Z,0,42,19,99019,Butler (County),80064,,2023-05-22T03:41:22.800Z,21073ca683fbcbec03a6732314c503d6f7b2926f,645a0e15-6a38-4a53-8a3c-c96ad0420c3f,1980,40.91176277,-79.91342345
DR-629-PA,629,PA,DR,1980-08-19T00:00:00.000Z,1980,Flood,SEVERE STORMS & FLOODING,0,1,1,0,1980-08-19T00:00:00.000Z,1980-08-19T00:00:00.000Z,1989-06-15T00:00:00.000Z,0,42,31,99031,Clarion (County),80064,,2023-05-22T03:41:22.800Z,4c8ded99229e35b9529086b385c12523d11d4c76,4a1bdca4-07ea-434b-9118-2581dc98a237,1980,41.19261355,-79.42093979
DR-628-WV,628,WV,DR,1980-08-15T00:00:00.000Z,1980,Flood,SEVERE STORMS & FLOODING,0,1,0,0,1980-08-15T00:00:00.000Z,1980-08-22T00:00:00.000Z,1991-06-11T00:00:00.000Z,0,54,19,99019,Fayette (County),80063,,2023-05-22T03:41:22.800Z,1e371e782ca88fd23447f4e982aff96de26d0951,f6aec1a6-1d9f-4618-a85b-93fac8a8e226,1980,38.02876546,-81.08105939
DR-628-WV,628,WV,DR,1980-08-15T00:00:00.000Z,1980,Flood,SEVERE STORMS & FLOODING,0,1,0,0,1980-08-15T00:00:00.000Z,1980-08-22T00:00:00.000Z,1991-06-11T00:00:00.000Z,0,54,67,99067,Nicholas (County),80063,,2023-05-22T03:41:22.800Z,58a0fd49906526896ac69057f2da78ade3efb45f,38bfef9a-b573-407d-8f47-a534e89fe8e3,1980,38.2918799,-80.79999513
DR-628-WV,628,WV,DR,1980-08-15T00:00:00.000Z,1980,Flood,SEVERE STORMS & FLOODING,0,1,0,0,1980-08-15T00:00:00.000Z,1980-08-22T00:00:00.000Z,1991-06-11T00:00:00.000Z,0,54,81,99081,Raleigh (County),80063,,2023-05-22T03:41:22.800Z,142f5ab66f51567b069ace18ca171f972245628a,baea8575-d741-41df-a121-03e12af2f0ee,1980,37.77126746,-81.24873953
DR-628-WV,628,WV,DR,1980-08-15T00:00:00.000Z,1980,Flood,SEVERE STORMS & FLOODING,0,1,1,0,1980-08-15T00:00:00.000Z,1980-08-22T00:00:00.000Z,1991-06-11T00:00:00.000Z,0,54,29,99029,Hancock (County),80063,,2023-05-22T03:41:22.800Z,789e5bd71f6c62ff90e528abbc32bb521ea35e24,bab448c5-0e5a-4c30-99ff-16cdca5e26fb,1980,40.52189394,-80.57390126
DR-628-WV,628,WV,DR,1980-08-15T00:00:00.000Z,1980,Flood,SEVERE STORMS & FLOODING,0,1,1,0,1980-08-15T00:00:00.000Z,1980-08-22T00:00:00.000Z,1991-06-11T00:00:00.000Z,0,54,33,99033,Harrison (County),80063,,2023-05-22T03:41:22.800Z,ea6fbc371a9356229a2f75fd304102f1537092f7,513f96c1-d381-4e49-aecd-e2e022ce1029,1980,39.28363307,-80.37983086
DR-628-WV,628,WV,DR,1980-08-15T00:00:00.000Z,1980,Flood,SEVERE STORMS & FLOODING,0,1,1,0,1980-08-15T00:00:00.000Z,1980-08-22T00:00:00.000Z,1991-06-11T00:00:00.000Z,0,54,35,99035,Jackson (County),80063,,2023-05-22T03:41:22.800Z,3789615680ebf51d1af9a50d3a97a53614246894,e42c105e-71ef-428f-9f8c-252a33bb218c,1980,38.83443006,-81.674543
DR-628-WV,628,WV,DR,1980-08-15T00:00:00.000Z,1980,Flood,SEVERE STORMS & FLOODING,0,1,1,0,1980-08-15T00:00:00.000Z,1980-08-22T00:00:00.000Z,1991-06-11T00:00:00.000Z,0,54,39,99039,Kanawha (County),80063,,2023-05-22T03:41:22.800Z,3ab62886f127fefc919902dd13057374730728af,65926489-f837-4c98-a9ae-df490366077e,1980,38.33643035,-81.52827161
DR-628-WV,628,WV,DR,1980-08-15T00:00:00.000Z,1980,Flood,SEVERE STORMS & FLOODING,0,1,1,0,1980-08-15T00:00:00.000Z,1980-08-22T00:00:00.000Z,1991-06-11T00:00:00.000Z,0,54,49,99049,Marion (County),80063,,2023-05-22T03:41:22.800Z,04aabd64fa0f450e867150b7876b3166187c5cf5,f68a8612-793a-48b1-802b-592d299f385d,1980,39.51008055,-80.24323834
DR-628-WV,628,WV,DR,1980-08-15T00:00:00.000Z,1980,Flood,SEVERE STORMS & FLOODING,0,1,1,0,1980-08-15T00:00:00.000Z,1980-08-22T00:00:00.000Z,1991-06-11T00:00:00.000Z,0,54,51,99051,Marshall (County),80063,,2023-05-22T03:41:22.800Z,42eb0ddb056fce1b91afd4450105e35cb37c1b62,d6b22459-9462-41c7-b75b-61626a04dd83,1980,39.86038842,-80.66340417
DR-628-WV,628,WV,DR,1980-08-15T00:00:00.000Z,1980,Flood,SEVERE STORMS & FLOODING,0,1,1,0,1980-08-15T00:00:00.000Z,1980-08-22T00:00:00.000Z,1991-06-11T00:00:00.000Z,0,54,61,99061,Monongalia (County),80063,,2023-05-22T03:41:22.800Z,1f5725d8b421193c3250c9662fa1b9eee9d29876,91414ebc-6bae-4c8c-b9fc-b38a173205ef,1980,39.63024065,-80.04558938
DR-628-WV,628,WV,DR,1980-08-15T00:00:00.000Z,1980,Flood,SEVERE STORMS & FLOODING,0,1,1,0,1980-08-15T00:00:00.000Z,1980-08-22T00:00:00.000Z,1991-06-11T00:00:00.000Z,0,54,69,99069,Ohio (County),80063,,2023-05-22T03:41:22.800Z,bccbb62ca83f492306b6518181263d05d0deefc3,cc73bf7c-34a6-4d98-aeec-4ad60ea817e2,1980,40.09682683,-80.61888538
DR-628-WV,628,WV,DR,1980-08-15T00:00:00.000Z,1980,Flood,SEVERE STORMS & FLOODING,0,1,1,0,1980-08-15T00:00:00.000Z,1980-08-22T00:00:00.000Z,1991-06-11T00:00:00.000Z,0,54,77,99077,Preston (County),80063,,2023-05-22T03:41:22.800Z,def301b780bee77dfa68015c057027082b8a9c36,37f8773c-a97c-4a15-a77f-6e1451a4a719,1980,39.46929522,-79.6682145
DR-628-WV,628,WV,DR,1980-08-15T00:00:00.000Z,1980,Flood,SEVERE STORMS & FLOODING,0,1,1,0,1980-08-15T00:00:00.000Z,1980-08-22T00:00:00.000Z,1991-06-11T00:00:00.000Z,0,54,79,99079,Putnam (County),80063,,2023-05-22T03:41:22.800Z,79603afc869a8bed885a4cd32ee55f79e2e4a413,e1725558-a08c-4471-9d32-16d79c839e72,1980,38.5085024,-81.90915525
DR-628-WV,628,WV,DR,1980-08-15T00:00:00.000Z,1980,Flood,SEVERE STORMS & FLOODING,0,1,1,0,1980-08-15T00:00:00.000Z,1980-08-22T00:00:00.000Z,1991-06-11T00:00:00.000Z,0,54,91,99091,Taylor (County),80063,,2023-05-22T03:41:22.800Z,ac009479c0c63f7bde1540b2388b25c3f10d28c3,83d72dda-add4-4ac9-a9be-191b529e26f4,1980,39.33588922,-80.04598163
DR-628-WV,628,WV,DR,1980-08-15T00:00:00.000Z,1980,Flood,SEVERE STORMS & FLOODING,0,1,1,0,1980-08-15T00:00:00.000Z,1980-08-22T00:00:00.000Z,1991-06-11T00:00:00.000Z,0,54,101,99101,Webster (County),80063,,2023-05-22T03:41:22.800Z,11d9859b1d403846eda6c5327c8e25433df88870,3416734b-c3bc-45f3-a8d2-f082fa7c7652,1980,38.49472856,-80.4218655
DR-627-TX,627,TX,DR,1980-08-11T00:00:00.000Z,1980,Hurricane,HURRICANE ALLEN,0,1,1,0,1980-08-11T00:00:00.000Z,1980-08-11T00:00:00.000Z,1984-11-30T00:00:00.000Z,0,48,7,99007,Aransas (County),80062,,2023-05-22T03:41:22.800Z,6c3acc6cc7aecb47c9cd64a7e9724f9e056c05ea,2c8230d9-d18d-43ff-a05d-1e7c466c1cb0,1980,28.11898396,-96.99699873
DR-627-TX,627,TX,DR,1980-08-11T00:00:00.000Z,1980,Hurricane,HURRICANE ALLEN,0,1,1,0,1980-08-11T00:00:00.000Z,1980-08-11T00:00:00.000Z,1984-11-30T00:00:00.000Z,0,48,47,99047,Brooks (County),80062,,2023-05-22T03:41:22.800Z,51c6ff6ee6c6011f9d0b00001d772875efaa1a92,5b7faeb2-3a8e-49cb-9e61-57596152e154,1980,27.03154713,-98.21866528
DR-627-TX,627,TX,DR,1980-08-11T00:00:00.000Z,1980,Hurricane,HURRICANE ALLEN,0,1,1,0,1980-08-11T00:00:00.000Z,1980-08-11T00:00:00.000Z,1984-11-30T00:00:00.000Z,0,48,61,99061,Cameron (County),80062,,2023-05-22T03:41:22.800Z,b61dee885f93e102ce3b46e0da3e2a5242989270,c895f614-ef28-47b2-9e86-a39d1ffe0d4e,1980,26.13427178,-97.51397873
DR-627-TX,627,TX,DR,1980-08-11T00:00:00.000Z,1980,Hurricane,HURRICANE ALLEN,0,1,1,0,1980-08-11T00:00:00.000Z,1980-08-11T00:00:00.000Z,1984-11-30T00:00:00.000Z,0,48,131,99131,Duval (County),80062,,2023-05-22T03:41:22.800Z,24da6a0dfd5b937b27798a492c9b349d31ac2ef9,10fb2b7b-811b-40a5-bbd3-2dcc982fb3bb,1980,27.68142846,-98.50873333
DR-627-TX,627,TX,DR,1980-08-11T00:00:00.000Z,1980,Hurricane,HURRICANE ALLEN,0,1,1,0,1980-08-11T00:00:00.000Z,1980-08-11T00:00:00.000Z,1984-11-30T00:00:00.000Z,0,48,215,99215,Hidalgo (County),80062,,2023-05-22T03:41:22.800Z,0e6e4e1120c8225f637dd47431436b5e27325627,fd7a5306-0f74-41a0-8c1e-61e7b7f065a5,1980,26.39667226,-98.18144326
DR-627-TX,627,TX,DR,1980-08-11T00:00:00.000Z,1980,Hurricane,HURRICANE ALLEN,0,1,1,0,1980-08-11T00:00:00.000Z,1980-08-11T00:00:00.000Z,1984-11-30T00:00:00.000Z,0,48,247,99247,Jim Hogg (County),80062,,2023-05-22T03:41:22.800Z,9949f8bb0f2b058de2020a0722b2238263c9bc66,9b063a87-d372-4e12-ac54-eede50a533d8,1980,27.04354651,-98.69730012
DR-627-TX,627,TX,DR,1980-08-11T00:00:00.000Z,1980,Hurricane,HURRICANE ALLEN,0,1,1,0,1980-08-11T00:00:00.000Z,1980-08-11T00:00:00.000Z,1984-11-30T00:00:00.000Z,0,48,249,99249,Jim Wells (County),80062,,2023-05-22T03:41:22.800Z,4e7870582159709f48d4e3a2a9304b43ffea1d32,29368ede-ae61-487e-acd5-880383634ac5,1980,27.73123346,-98.08997801
DR-627-TX,627,TX,DR,1980-08-11T00:00:00.000Z,1980,Hurricane,HURRICANE ALLEN,0,1,1,0,1980-08-11T00:00:00.000Z,1980-08-11T00:00:00.000Z,1984-11-30T00:00:00.000Z,0,48,261,99261,Kenedy (County),80062,,2023-05-22T03:41:22.800Z,1d777a57aca2c99849cb4521c1b7733dcd591602,e500fd83-b815-4b49-969f-c1a4a5941fe9,1980,26.92975017,-97.69810806
DR-627-TX,627,TX,DR,1980-08-11T00:00:00.000Z,1980,Hurricane,HURRICANE ALLEN,0,1,1,0,1980-08-11T00:00:00.000Z,1980-08-11T00:00:00.000Z,1984-11-30T00:00:00.000Z,0,48,273,99273,Kleberg (County),80062,,2023-05-22T03:41:22.800Z,7a5711618338bac58e713a9d374ebd3d2ba93bc5,05351ad7-9125-48aa-ba5e-77b3984f0e94,1980,27.43132443,-97.72430027
DR-627-TX,627,TX,DR,1980-08-11T00:00:00.000Z,1980,Hurricane,HURRICANE ALLEN,0,1,1,0,1980-08-11T00:00:00.000Z,1980-08-11T00:00:00.000Z,1984-11-30T00:00:00.000Z,0,48,355,99355,Nueces (County),80062,,2023-05-22T03:41:22.800Z,f514fef94bb20b995c62fef1bfd86a7a123833ed,de5e0772-a0ee-4354-ab68-725e376386a2,1980,27.72543779,-97.61091925
DR-627-TX,627,TX,DR,1980-08-11T00:00:00.000Z,1980,Hurricane,HURRICANE ALLEN,0,1,1,0,1980-08-11T00:00:00.000Z,1980-08-11T00:00:00.000Z,1984-11-30T00:00:00.000Z,0,48,409,99409,San Patricio (County),80062,,2023-05-22T03:41:22.800Z,a4db20ad478ae0c7a7895a610797b59f6033b55e,347d0669-d930-4189-995d-2f9df757d6f6,1980,28.00978811,-97.51888305
DR-627-TX,627,TX,DR,1980-08-11T00:00:00.000Z,1980,Hurricane,HURRICANE ALLEN,0,1,1,0,1980-08-11T00:00:00.000Z,1980-08-11T00:00:00.000Z,1984-11-30T00:00:00.000Z,0,48,489,99489,Willacy (County),80062,,2023-05-22T03:41:22.800Z,e8c2740f5345ac1b0150680b033d879af16725c9,73b10c92-a721-48d0-b7d8-f6815482f453,1980,26.47040624,-97.65724482
DR-626-WI,626,WI,DR,1980-07-24T00:00:00.000Z,1980,Flood,SEVERE STORMS & FLOODING,0,1,1,0,1980-07-24T00:00:00.000Z,1980-07-24T00:00:00.000Z,1988-08-03T00:00:00.000Z,0,55,17,99017,Chippewa (County),80057,,2023-05-22T03:41:22.800Z,f73e7afa600428dbec37034ff165e593eadb5b54,1e528cab-7bc1-4c27-bf96-6518571e5984,1980,45.06921882,-91.28017125
DR-626-WI,626,WI,DR,1980-07-24T00:00:00.000Z,1980,Flood,SEVERE STORMS & FLOODING,0,1,1,0,1980-07-24T00:00:00.000Z,1980-07-24T00:00:00.000Z,1988-08-03T00:00:00.000Z,0,55,33,99033,Dunn (County),80057,,2023-05-22T03:41:22.800Z,bf4ce06d195461f020ab5de9a21dcde2e12b37e8,7565ecd3-2c70-4380-bdb1-6245db37e55e,1980,44.94674851,-91.89653391
DR-626-WI,626,WI,DR,1980-07-24T00:00:00.000Z,1980,Flood,SEVERE STORMS & FLOODING,0,1,1,0,1980-07-24T00:00:00.000Z,1980-07-24T00:00:00.000Z,1988-08-03T00:00:00.000Z,0,55,35,99035,Eau Claire (County),80057,,2023-05-22T03:41:22.800Z,a7001d4183ee3fe5bbbe246b2600423b28d519fc,c4da836a-65ec-4d74-a490-b68759acdd14,1980,44.726614,-91.28609183
DR-626-WI,626,WI,DR,1980-07-24T00:00:00.000Z,1980,Flood,SEVERE STORMS & FLOODING,0,1,1,0,1980-07-24T00:00:00.000Z,1980-07-24T00:00:00.000Z,1988-08-03T00:00:00.000Z,0,55,93,99093,Pierce (County),80057,,2023-05-22T03:41:22.800Z,cb1fc07246c52692f0e5a78eb34f40ab7b7346da,fc45bbf8-abf2-4a60-935d-094b4a699d5c,1980,44.71909741,-92.42212486
DR-625-NE,625,NE,DR,1980-06-04T00:00:00.000Z,1980,Tornado,SEVERE STORMS & TORNADOES,0,0,1,0,1980-06-04T00:00:00.000Z,1980-06-04T00:00:00.000Z,1984-03-28T00:00:00.000Z,0,31,81,99081,Hamilton (County),80044,,2023-05-22T03:41:22.800Z,9079565eaa4a83813a701f03df322e8f09a602d8,a0b09f24-2438-4154-8c6a-d23f2b5d76a5,1980,40.87318318,-98.02280046
DR-625-NE,625,NE,DR,1980-06-04T00:00:00.000Z,1980,Tornado,SEVERE STORMS & TORNADOES,0,0,1,0,1980-06-04T00:00:00.000Z,1980-06-04T00:00:00.000Z,1984-03-28T00:00:00.000Z,0,31,121,99121,Merrick (County),80044,,2023-05-22T03:41:22.800Z,9062ccdb33dd0fdb040f45eea7325c521e09719f,b94a203f-78f4-40bd-b5a2-9fb61217a8b3,1980,41.16916952,-98.03760529
DR-625-NE,625,NE,DR,1980-06-04T00:00:00.000Z,1980,Tornado,SEVERE STORMS & TORNADOES,0,1,1,0,1980-06-04T00:00:00.000Z,1980-06-04T00:00:00.000Z,1984-03-28T00:00:00.000Z,0,31,79,99079,Hall (County),80044,,2023-05-22T03:41:22.800Z,20da7cf2dd1d9ee757b6bc3702009e2de63274b8,0b1cbe97-675e-48b7-97e3-66f112f21138,1980,40.87261328,-98.50212614
DR-624-ID,624,ID,DR,1980-05-22T00:00:00.000Z,1980,Volcanic Eruption,"VOLCANIC ERUPTION, MT. ST. HELENS",0,1,1,0,1980-05-22T00:00:00.000Z,1980-05-22T00:00:00.000Z,1984-11-30T00:00:00.000Z,0,16,9,99009,Benewah (County),80040,,2023-05-22T03:41:22.800Z,4d016d595dcecd6c977f46b608b33be8d9c64487,f43afaee-dbee-4a17-9693-b4adf1c9a6a3,1980,47.21772961,-116.6586207
DR-624-ID,624,ID,DR,1980-05-22T00:00:00.000Z,1980,Volcanic Eruption,"VOLCANIC ERUPTION, MT. ST. HELENS",0,1,1,0,1980-05-22T00:00:00.000Z,1980-05-22T00:00:00.000Z,1984-11-30T00:00:00.000Z,0,16,17,99017,Bonner (County),80040,,2023-05-22T03:41:22.800Z,16bd035f28a40ed16dded92de5cf4afe0acd4eb9,b2c88dca-80b5-46b6-b903-cf0b63a2cabe,1980,48.2996896,-116.6009928
DR-624-ID,624,ID,DR,1980-05-22T00:00:00.000Z,1980,Volcanic Eruption,"VOLCANIC ERUPTION, MT. ST. HELENS",0,1,1,0,1980-05-22T00:00:00.000Z,1980-05-22T00:00:00.000Z,1984-11-30T00:00:00.000Z,0,16,21,99021,Boundary (County),80040,,2023-05-22T03:41:22.800Z,af4e5754323b9ae4e9d7034ddfbd73ab2d2d52ef,2e28faab-82d5-4dc0-91c7-25aa1bc2af2d,1980,48.766998,-116.4627525
DR-624-ID,624,ID,DR,1980-05-22T00:00:00.000Z,1980,Volcanic Eruption,"VOLCANIC ERUPTION, MT. ST. HELENS",0,1,1,0,1980-05-22T00:00:00.000Z,1980-05-22T00:00:00.000Z,1984-11-30T00:00:00.000Z,0,16,35,99035,Clearwater (County),80040,,2023-05-22T03:41:22.800Z,e13b791bf979ded73386b799071615d275fca471,c9ac9037-37bb-4c0c-aaf7-611bbcb1ff19,1980,46.67349275,-115.656021
DR-624-ID,624,ID,DR,1980-05-22T00:00:00.000Z,1980,Volcanic Eruption,"VOLCANIC ERUPTION, MT. ST. HELENS",0,1,1,0,1980-05-22T00:00:00.000Z,1980-05-22T00:00:00.000Z,1984-11-30T00:00:00.000Z,0,16,55,99055,Kootenai (County),80040,,2023-05-22T03:41:22.800Z,dc32fe5919c17acddc44d64f4b40a9210904bdda,7420e12b-a5ae-4f44-ae42-f6e9cab98de5,1980,47.6744641,-116.7000308
DR-624-ID,624,ID,DR,1980-05-22T00:00:00.000Z,1980,Volcanic Eruption,"VOLCANIC ERUPTION, MT. ST. HELENS",0,1,1,0,1980-05-22T00:00:00.000Z,1980-05-22T00:00:00.000Z,1984-11-30T00:00:00.000Z,0,16,57,99057,Latah (County),80040,,2023-05-22T03:41:22.800Z,c63c47046852a9cbe8eceb3dcb6e76f9c7987af4,37a0db05-2204-4d9b-aa1f-d25f34d006e0,1980,46.81645625,-116.7117113
DR-624-ID,624,ID,DR,1980-05-22T00:00:00.000Z,1980,Volcanic Eruption,"VOLCANIC ERUPTION, MT. ST. HELENS",0,1,1,0,1980-05-22T00:00:00.000Z,1980-05-22T00:00:00.000Z,1984-11-30T00:00:00.000Z,0,16,69,99069,Nez Perce (County),80040,,2023-05-22T03:41:22.800Z,d8dc84cf0fb540086707e333513e7c247d022a48,f57c90ee-923e-450d-96ca-c10938f8fcc8,1980,46.32729495,-116.7498104
DR-624-ID,624,ID,DR,1980-05-22T00:00:00.000Z,1980,Volcanic Eruption,"VOLCANIC ERUPTION, MT. ST. HELENS",0,1,1,0,1980-05-22T00:00:00.000Z,1980-05-22T00:00:00.000Z,1984-11-30T00:00:00.000Z,0,16,79,99079,Shoshone (County),80040,,2023-05-22T03:41:22.800Z,ebf633d1499b550313ede6009a1ade521ae2a052,071cceea-aa2f-4fb4-8cc0-d35e08197c45,1980,47.35176251,-115.8911361
DR-623-WA,623,WA,DR,1980-05-21T00:00:00.000Z,1980,Volcanic Eruption,"VOLCANIC ERUPTION, MT. ST. HELENS",0,1,1,0,1980-05-21T00:00:00.000Z,1980-05-21T00:00:00.000Z,1998-03-03T00:00:00.000Z,0,53,1,99001,Adams (County),80038,,2023-05-22T03:41:22.800Z,52cc9f20323aea8a15ea2c3e2c08a1f9d5c533c3,fd4dc102-0981-4b43-a03d-9163383b5cb0,1980,46.98352425,-118.5603559
DR-623-WA,623,WA,DR,1980-05-21T00:00:00.000Z,1980,Volcanic Eruption,"VOLCANIC ERUPTION, MT. ST. HELENS",0,1,1,0,1980-05-21T00:00:00.000Z,1980-05-21T00:00:00.000Z,1998-03-03T00:00:00.000Z,0,53,3,99003,Asotin (County),80038,,2023-05-22T03:41:22.800Z,77d17d5d0850dadb3267dc4356ab0e3732b5dc77,9a7a8275-b438-4fd3-b395-c0a1072a316a,1980,46.19177089,-117.2027907
DR-623-WA,623,WA,DR,1980-05-21T00:00:00.000Z,1980,Volcanic Eruption,"VOLCANIC ERUPTION, MT. ST. HELENS",0,1,1,0,1980-05-21T00:00:00.000Z,1980-05-21T00:00:00.000Z,1998-03-03T00:00:00.000Z,0,53,5,99005,Benton (County),80038,,2023-05-22T03:41:22.800Z,baa6b9ed66410c8763509ca962d5a22aaac6ac55,8a9a8dbf-f6ab-4c52-bf6e-df0671762fff,1980,46.23976031,-119.5113335
DR-623-WA,623,WA,DR,1980-05-21T00:00:00.000Z,1980,Volcanic Eruption,"VOLCANIC ERUPTION, MT. ST. HELENS",0,1,1,0,1980-05-21T00:00:00.000Z,1980-05-21T00:00:00.000Z,1998-03-03T00:00:00.000Z,0,53,7,99007,Chelan (County),80038,,2023-05-22T03:41:22.800Z,6127fd3aebda2a3ad997d0795f7312b6f65e38b5,2c0ed50a-9124-4cba-9022-6a49df9d62d1,1980,47.86921949,-120.6188281
DR-623-WA,623,WA,DR,1980-05-21T00:00:00.000Z,1980,Volcanic Eruption,"VOLCANIC ERUPTION, MT. ST. HELENS",0,1,1,0,1980-05-21T00:00:00.000Z,1980-05-21T00:00:00.000Z,1998-03-03T00:00:00.000Z,0,53,9,99009,Clallam (County),80038,,2023-05-22T03:41:22.800Z,7256b8a7d82bd5f08455936e721545ab344d2453,878abb2a-5991-4ff7-ab29-ca6e005d50c8,1980,48.04911666,-123.9277111
DR-623-WA,623,WA,DR,1980-05-21T00:00:00.000Z,1980,Volcanic Eruption,"VOLCANIC ERUPTION, MT. ST. HELENS",0,1,1,0,1980-05-21T00:00:00.000Z,1980-05-21T00:00:00.000Z,1998-03-03T00:00:00.000Z,0,53,11,99011,Clark (County),80038,,2023-05-22T03:41:22.800Z,958ffae5007e83a29b38bed95ccf7954183d6bce,5b12f45f-212a-4c27-a8f7-88a6547a3fab,1980,45.77919832,-122.4823115
DR-623-WA,623,WA,DR,1980-05-21T00:00:00.000Z,1980,Volcanic Eruption,"VOLCANIC ERUPTION, MT. ST. HELENS",0,1,1,0,1980-05-21T00:00:00.000Z,1980-05-21T00:00:00.000Z,1998-03-03T00:00:00.000Z,0,53,13,99013,Columbia (County),80038,,2023-05-22T03:41:22.800Z,0c0458742cbee183ca01d67721286b692ab8e362,ec6a4bfc-f3cc-4cfc-9c31-f2705fca2dc7,1980,46.29796069,-117.9078252
DR-623-WA,623,WA,DR,1980-05-21T00:00:00.000Z,1980,Volcanic Eruption,"VOLCANIC ERUPTION, MT. ST. HELENS",0,1,1,0,1980-05-21T00:00:00.000Z,1980-05-21T00:00:00.000Z,1998-03-03T00:00:00.000Z,0,53,15,99015,Cowlitz (County),80038,,2023-05-22T03:41:22.800Z,80983808fb365a2de26d31f16d165d755b838183,75fe2d55-62e3-43e4-bcf6-18967e2760b9,1980,46.19321499,-122.6802732
DR-623-WA,623,WA,DR,1980-05-21T00:00:00.000Z,1980,Volcanic Eruption,"VOLCANIC ERUPTION, MT. ST. HELENS",0,1,1,0,1980-05-21T00:00:00.000Z,1980-05-21T00:00:00.000Z,1998-03-03T00:00:00.000Z,0,53,17,99017,Douglas (County),80038,,2023-05-22T03:41:22.800Z,d1e978ee35be260eed5795d88a88d5a05371e3e5,f2e2d155-330f-46a8-86de-4f59c5585fbc,1980,47.73589576,-119.6917069
DR-623-WA,623,WA,DR,1980-05-21T00:00:00.000Z,1980,Volcanic Eruption,"VOLCANIC ERUPTION, MT. ST. HELENS",0,1,1,0,1980-05-21T00:00:00.000Z,1980-05-21T00:00:00.000Z,1998-03-03T00:00:00.000Z,0,53,19,99019,Ferry (County),80038,,2023-05-22T03:41:22.800Z,8c358b1e602194af7f586426f44be5af26acadf6,44a97891-cee9-45f4-bf31-a85507d79fc1,1980,48.47039666,-118.5163244
DR-623-WA,623,WA,DR,1980-05-21T00:00:00.000Z,1980,Volcanic Eruption,"VOLCANIC ERUPTION, MT. ST. HELENS",0,1,1,0,1980-05-21T00:00:00.000Z,1980-05-21T00:00:00.000Z,1998-03-03T00:00:00.000Z,0,53,21,99021,Franklin (County),80038,,2023-05-22T03:41:22.800Z,0b574ad27dbc5fddc094da7c419e04f2c6589506,b724534c-bfc0-40fb-9c5b-d4d3a1b93324,1980,46.5350455,-118.8984754
DR-623-WA,623,WA,DR,1980-05-21T00:00:00.000Z,1980,Volcanic Eruption,"VOLCANIC ERUPTION, MT. ST. HELENS",0,1,1,0,1980-05-21T00:00:00.000Z,1980-05-21T00:00:00.000Z,1998-03-03T00:00:00.000Z,0,53,23,99023,Garfield (County),80038,,2023-05-22T03:41:22.800Z,88ed295e7d91b9f99f4ae9c53284b49185ecf177,312c723a-539f-4462-8dd4-92ad88e488f9,1980,46.43130985,-117.5446476
DR-623-WA,623,WA,DR,1980-05-21T00:00:00.000Z,1980,Volcanic Eruption,"VOLCANIC ERUPTION, MT. ST. HELENS",0,1,1,0,1980-05-21T00:00:00.000Z,1980-05-21T00:00:00.000Z,1998-03-03T00:00:00.000Z,0,53,25,99025,Grant (County),80038,,2023-05-22T03:41:22.800Z,5b0758210c0f892c93c02f0a298247005e0f24b0,f310b484-850c-4060-933a-01bf46da9e05,1980,47.20582642,-119.4513964
DR-623-WA,623,WA,DR,1980-05-21T00:00:00.000Z,1980,Volcanic Eruption,"VOLCANIC ERUPTION, MT. ST. HELENS",0,1,1,0,1980-05-21T00:00:00.000Z,1980-05-21T00:00:00.000Z,1998-03-03T00:00:00.000Z,0,53,27,99027,Grays Harbor (County),80038,,2023-05-22T03:41:22.800Z,67d24a295b2def6aa7bce95d835b8e89ad41074f,480f67a4-de1a-45d0-8259-20980fa90c2c,1980,47.14971004,-123.773048
DR-623-WA,623,WA,DR,1980-05-21T00:00:00.000Z,1980,Volcanic Eruption,"VOLCANIC ERUPTION, MT. ST. HELENS",0,1,1,0,1980-05-21T00:00:00.000Z,1980-05-21T00:00:00.000Z,1998-03-03T00:00:00.000Z,0,53,29,99029,Island (County),80038,,2023-05-22T03:41:22.800Z,af6caef213af8192a59538afea689dc1305a04b6,e99741b0-ee45-469d-8784-765d6073b49e,1980,48.16376089,-122.5493921
DR-623-WA,623,WA,DR,1980-05-21T00:00:00.000Z,1980,Volcanic Eruption,"VOLCANIC ERUPTION, MT. ST. HELENS",0,1,1,0,1980-05-21T00:00:00.000Z,1980-05-21T00:00:00.000Z,1998-03-03T00:00:00.000Z,0,53,31,99031,Jefferson (County),80038,,2023-05-22T03:41:22.800Z,2a125f616c93bd1ee5f007fe88c1bd5eaf8f7f34,45c2dd4f-6621-4a1b-a26c-0da1651bde66,1980,47.7490129,-123.5935915
DR-623-WA,623,WA,DR,1980-05-21T00:00:00.000Z,1980,Volcanic Eruption,"VOLCANIC ERUPTION, MT. ST. HELENS",0,1,1,0,1980-05-21T00:00:00.000Z,1980-05-21T00:00:00.000Z,1998-03-03T00:00:00.000Z,0,53,33,99033,King (County),80038,,2023-05-22T03:41:22.800Z,93f08b6bd3e38c269526954419788ed4566a4a95,a8c8c393-ec0e-472d-8fee-3cff01a4e1ff,1980,47.49034831,-121.8063614
DR-623-WA,623,WA,DR,1980-05-21T00:00:00.000Z,1980,Volcanic Eruption,"VOLCANIC ERUPTION, MT. ST. HELENS",0,1,1,0,1980-05-21T00:00:00.000Z,1980-05-21T00:00:00.000Z,1998-03-03T00:00:00.000Z,0,53,35,99035,Kitsap (County),80038,,2023-05-22T03:41:22.800Z,88e091a698edfec90090308148aaf49bae88dc7f,4a81e0b9-c53a-4bcd-9e2e-4574b879b496,1980,47.61342417,-122.6734022
DR-623-WA,623,WA,DR,1980-05-21T00:00:00.000Z,1980,Volcanic Eruption,"VOLCANIC ERUPTION, MT. ST. HELENS",0,1,1,0,1980-05-21T00:00:00.000Z,1980-05-21T00:00:00.000Z,1998-03-03T00:00:00.000Z,0,53,37,99037,Kittitas (County),80038,,2023-05-22T03:41:22.800Z,568394fb7d817cdcde87c1d37b3218e6bdb836a6,82ec08d4-698e-4d4e-a0bc-26b0157c81d5,1980,47.12448572,-120.679712
DR-623-WA,623,WA,DR,1980-05-21T00:00:00.000Z,1980,Volcanic Eruption,"VOLCANIC ERUPTION, MT. ST. HELENS",0,1,1,0,1980-05-21T00:00:00.000Z,1980-05-21T00:00:00.000Z,1998-03-03T00:00:00.000Z,0,53,39,99039,Klickitat (County),80038,,2023-05-22T03:41:22.800Z,1cc1feee36646e4510d4e9fbcf032ddb10b32460,96239dd1-cc38-4181-8529-928b808f2988,1980,45.87361546,-120.7895031
DR-623-WA,623,WA,DR,1980-05-21T00:00:00.000Z,1980,Volcanic Eruption,"VOLCANIC ERUPTION, MT. ST. HELENS",0,1,1,0,1980-05-21T00:00:00.000Z,1980-05-21T00:00:00.000Z,1998-03-03T00:00:00.000Z,0,53,41,99041,Lewis (County),80038,,2023-05-22T03:41:22.800Z,928165443e93fbbeaa803c2ef9f5e6de98770e8b,d093a85f-c88f-4e70-8828-58b62b4f7172,1980,46.57770709,-122.3933441
DR-623-WA,623,WA,DR,1980-05-21T00:00:00.000Z,1980,Volcanic Eruption,"VOLCANIC ERUPTION, MT. ST. HELENS",0,1,1,0,1980-05-21T00:00:00.000Z,1980-05-21T00:00:00.000Z,1998-03-03T00:00:00.000Z,0,53,43,99043,Lincoln (County),80038,,2023-05-22T03:41:22.800Z,4c7b343731698d05a9a239438b9cb22fb7158625,01a2cc22-7441-414c-8af0-abf79bd448e2,1980,47.57605403,-118.4186556
DR-623-WA,623,WA,DR,1980-05-21T00:00:00.000Z,1980,Volcanic Eruption,"VOLCANIC ERUPTION, MT. ST. HELENS",0,1,1,0,1980-05-21T00:00:00.000Z,1980-05-21T00:00:00.000Z,1998-03-03T00:00:00.000Z,0,53,45,99045,Mason (County),80038,,2023-05-22T03:41:22.800Z,eb9203e266f5655331cd78c7303d08fad3eea71c,9bf7591c-45b7-4bcf-abc3-5b2eedcb6c67,1980,47.34793175,-123.1920342
DR-623-WA,623,WA,DR,1980-05-21T00:00:00.000Z,1980,Volcanic Eruption,"VOLCANIC ERUPTION, MT. ST. HELENS",0,1,1,0,1980-05-21T00:00:00.000Z,1980-05-21T00:00:00.000Z,1998-03-03T00:00:00.000Z,0,53,47,99047,Okanogan (County),80038,,2023-05-22T03:41:22.800Z,43f49e5fbab957c924c81ee119b6e077ace0da52,b39e090f-531f-4137-ab97-50265655c898,1980,48.54862984,-119.7406032
DR-623-WA,623,WA,DR,1980-05-21T00:00:00.000Z,1980,Volcanic Eruption,"VOLCANIC ERUPTION, MT. ST. HELENS",0,1,1,0,1980-05-21T00:00:00.000Z,1980-05-21T00:00:00.000Z,1998-03-03T00:00:00.000Z,0,53,49,99049,Pacific (County),80038,,2023-05-22T03:41:22.800Z,ed04f3d03783af197c8b035532133f1cb25f50c9,7d0074e5-1226-49d7-83fe-8723efbbc934,1980,46.55547971,-123.7057228
DR-623-WA,623,WA,DR,1980-05-21T00:00:00.000Z,1980,Volcanic Eruption,"VOLCANIC ERUPTION, MT. ST. HELENS",0,1,1,0,1980-05-21T00:00:00.000Z,1980-05-21T00:00:00.000Z,1998-03-03T00:00:00.000Z,0,53,51,99051,Pend Oreille (County),80038,,2023-05-22T03:41:22.800Z,2cca542021570df89f752f661be9fbb9f459d6fb,9612747a-6fca-4f9e-9bb7-03632bc0bdfd,1980,48.53235595,-117.2738324
DR-623-WA,623,WA,DR,1980-05-21T00:00:00.000Z,1980,Volcanic Eruption,"VOLCANIC ERUPTION, MT. ST. HELENS",0,1,1,0,1980-05-21T00:00:00.000Z,1980-05-21T00:00:00.000Z,1998-03-03T00:00:00.000Z,0,53,53,99053,Pierce (County),80038,,2023-05-22T03:41:22.800Z,5193c49c5c0a8653a0ef98ac320a49605701e440,8e4c85a4-71da-43ac-a485-1d9daf577948,1980,47.02680625,-122.1122121
DR-623-WA,623,WA,DR,1980-05-21T00:00:00.000Z,1980,Volcanic Eruption,"VOLCANIC ERUPTION, MT. ST. HELENS",0,1,1,0,1980-05-21T00:00:00.000Z,1980-05-21T00:00:00.000Z,1998-03-03T00:00:00.000Z,0,53,55,99055,San Juan (County),80038,,2023-05-22T03:41:22.800Z,2efcaadb1f84bfaf396e680ed32a0a3fe7a4a022,a841c9db-38de-4647-8ec5-562862cb05f5,1980,48.57856326,-122.9534631
DR-623-WA,623,WA,DR,1980-05-21T00:00:00.000Z,1980,Volcanic Eruption,"VOLCANIC ERUPTION, MT. ST. HELENS",0,1,1,0,1980-05-21T00:00:00.000Z,1980-05-21T00:00:00.000Z,1998-03-03T00:00:00.000Z,0,53,57,99057,Skagit (County),80038,,2023-05-22T03:41:22.800Z,e4614e0be81048b02c72cd94628764c156bcef09,f30495c2-f02d-4467-b674-e9670a75e0b3,1980,48.47967845,-121.7319234
DR-623-WA,623,WA,DR,1980-05-21T00:00:00.000Z,1980,Volcanic Eruption,"VOLCANIC ERUPTION, MT. ST. HELENS",0,1,1,0,1980-05-21T00:00:00.000Z,1980-05-21T00:00:00.000Z,1998-03-03T00:00:00.000Z,0,53,59,99059,Skamania (County),80038,,2023-05-22T03:41:22.800Z,80d1b9795b8a506ce5cee896733db117bcf61b62,4cba9ac7-a0b2-4658-87e5-0e2856446dce,1980,46.02280969,-121.9148915
DR-623-WA,623,WA,DR,1980-05-21T00:00:00.000Z,1980,Volcanic Eruption,"VOLCANIC ERUPTION, MT. ST. HELENS",0,1,1,0,1980-05-21T00:00:00.000Z,1980-05-21T00:00:00.000Z,1998-03-03T00:00:00.000Z,0,53,61,99061,Snohomish (County),80038,,2023-05-22T03:41:22.800Z,e438d7496777adc8a7b40465c90fab7bdfb60a67,4a6b7e31-1ab7-49fd-98a1-cc8ac42733e6,1980,48.04772437,-121.6977603
DR-623-WA,623,WA,DR,1980-05-21T00:00:00.000Z,1980,Volcanic Eruption,"VOLCANIC ERUPTION, MT. ST. HELENS",0,1,1,0,1980-05-21T00:00:00.000Z,1980-05-21T00:00:00.000Z,1998-03-03T00:00:00.000Z,0,53,63,99063,Spokane (County),80038,,2023-05-22T03:41:22.800Z,c652a9483d39112da811fbd313aedfc566d300a5,dee9e93c-fd37-44d1-8009-cc25991bef01,1980,47.62077953,-117.4039405
DR-623-WA,623,WA,DR,1980-05-21T00:00:00.000Z,1980,Volcanic Eruption,"VOLCANIC ERUPTION, MT. ST. HELENS",0,1,1,0,1980-05-21T00:00:00.000Z,1980-05-21T00:00:00.000Z,1998-03-03T00:00:00.000Z,0,53,65,99065,Stevens (County),80038,,2023-05-22T03:41:22.800Z,83280c6e845cac52675a5c9c9e32fbb0c9e689cd,041c741d-66a2-43a0-b6a0-4d3acbd82c7f,1980,48.39899156,-117.8550713
DR-623-WA,623,WA,DR,1980-05-21T00:00:00.000Z,1980,Volcanic Eruption,"VOLCANIC ERUPTION, MT. ST. HELENS",0,1,1,0,1980-05-21T00:00:00.000Z,1980-05-21T00:00:00.000Z,1998-03-03T00:00:00.000Z,0,53,67,99067,Thurston (County),80038,,2023-05-22T03:41:22.800Z,9ca99ec3020265ba51b6ad20b60436294db926a8,76b4d735-0491-4f59-ac19-b310832b540e,1980,46.92672896,-122.8330654
DR-623-WA,623,WA,DR,1980-05-21T00:00:00.000Z,1980,Volcanic Eruption,"VOLCANIC ERUPTION, MT. ST. HELENS",0,1,1,0,1980-05-21T00:00:00.000Z,1980-05-21T00:00:00.000Z,1998-03-03T00:00:00.000Z,0,53,69,99069,Wahkiakum (County),80038,,2023-05-22T03:41:22.800Z,730090542cca4d848cf44946288fb6f49e2a4f28,591324b5-9f16-4e79-a97b-440593506d48,1980,46.292422,-123.4247601
DR-623-WA,623,WA,DR,1980-05-21T00:00:00.000Z,1980,Volcanic Eruption,"VOLCANIC ERUPTION, MT. ST. HELENS",0,1,1,0,1980-05-21T00:00:00.000Z,1980-05-21T00:00:00.000Z,1998-03-03T00:00:00.000Z,0,53,71,99071,Walla Walla (County),80038,,2023-05-22T03:41:22.800Z,204938f1b8bcd090860d563f839e4b693834b5b9,a5342092-8c7f-4990-80de-747962cc1a05,1980,46.22968278,-118.4785331
DR-623-WA,623,WA,DR,1980-05-21T00:00:00.000Z,1980,Volcanic Eruption,"VOLCANIC ERUPTION, MT. ST. HELENS",0,1,1,0,1980-05-21T00:00:00.000Z,1980-05-21T00:00:00.000Z,1998-03-03T00:00:00.000Z,0,53,73,99073,Whatcom (County),80038,,2023-05-22T03:41:22.800Z,037899d72f0ffaedc73470e8108067293485871b,c32e92ea-a230-4537-8f42-156b42f6a132,1980,48.82595321,-121.7209525
DR-623-WA,623,WA,DR,1980-05-21T00:00:00.000Z,1980,Volcanic Eruption,"VOLCANIC ERUPTION, MT. ST. HELENS",0,1,1,0,1980-05-21T00:00:00.000Z,1980-05-21T00:00:00.000Z,1998-03-03T00:00:00.000Z,0,53,75,99075,Whitman (County),80038,,2023-05-22T03:41:22.800Z,ea465fd62473bb73ecc15fe2589f8dead6a45024,62787263-708f-45f4-a103-7eaf781cb32b,1980,46.90119074,-117.5229774
DR-623-WA,623,WA,DR,1980-05-21T00:00:00.000Z,1980,Volcanic Eruption,"VOLCANIC ERUPTION, MT. ST. HELENS",0,1,1,0,1980-05-21T00:00:00.000Z,1980-05-21T00:00:00.000Z,1998-03-03T00:00:00.000Z,0,53,77,99077,Yakima (County),80038,,2023-05-22T03:41:22.800Z,5495a4f98f6bdaa29df57ad393b7c576ae0f51d9,baf8c17f-d634-4573-af24-fc606a6159cf,1980,46.45687521,-120.7387387
DR-622-LA,622,LA,DR,1980-05-21T00:00:00.000Z,1980,Flood,SEVERE STORMS & FLOODING,0,1,0,0,1980-05-21T00:00:00.000Z,1980-05-21T00:00:00.000Z,1984-11-30T00:00:00.000Z,0,22,1,99001,Acadia (Parish),80037,,2023-05-22T03:41:22.800Z,8a018dfd945ec2bc6e4ccf65d58ef45f2f1e44cb,ac0ca2c0-43fc-4211-979e-aabd7b8be2e2,1980,30.29064732,-92.41163568
DR-622-LA,622,LA,DR,1980-05-21T00:00:00.000Z,1980,Flood,SEVERE STORMS & FLOODING,0,1,0,0,1980-05-21T00:00:00.000Z,1980-05-21T00:00:00.000Z,1984-11-30T00:00:00.000Z,0,22,19,99019,Calcasieu (Parish),80037,,2023-05-22T03:41:22.800Z,df7c43c2d4e6b47a48b75ba8530255f59c886201,2e2872ac-37cc-4757-8760-9a263038406e,1980,30.22942198,-93.35798129
DR-622-LA,622,LA,DR,1980-05-21T00:00:00.000Z,1980,Flood,SEVERE STORMS & FLOODING,0,1,0,0,1980-05-21T00:00:00.000Z,1980-05-21T00:00:00.000Z,1984-11-30T00:00:00.000Z,0,22,53,99053,Jefferson Davis (Parish),80037,,2023-05-22T03:41:22.800Z,a97ed6f2ffd932fddbcbe57b14019cfb75d470a1,d73ca36f-7d83-4b6b-95ba-2829de781ed6,1980,30.26796744,-92.8140461
DR-622-LA,622,LA,DR,1980-05-21T00:00:00.000Z,1980,Flood,SEVERE STORMS & FLOODING,0,1,0,0,1980-05-21T00:00:00.000Z,1980-05-21T00:00:00.000Z,1984-11-30T00:00:00.000Z,0,22,55,99055,Lafayette (Parish),80037,,2023-05-22T03:41:22.800Z,0d199c72d62222bcfa108fd07abc15a7a54e7a7b,e4ead13c-7e76-4262-930d-d7fda08f8492,1980,30.20738593,-92.0636004
DR-622-LA,622,LA,DR,1980-05-21T00:00:00.000Z,1980,Flood,SEVERE STORMS & FLOODING,0,1,0,0,1980-05-21T00:00:00.000Z,1980-05-21T00:00:00.000Z,1984-11-30T00:00:00.000Z,0,22,77,99077,Pointe Coupee (Parish),80037,,2023-05-22T03:41:22.800Z,5bc80295b7648f7dac42fc516e332d1f841b9c6b,f1a4448e-57f4-4ade-898c-932dc774a33e,1980,30.70893573,-91.60044956
DR-622-LA,622,LA,DR,1980-05-21T00:00:00.000Z,1980,Flood,SEVERE STORMS & FLOODING,0,1,0,0,1980-05-21T00:00:00.000Z,1980-05-21T00:00:00.000Z,1984-11-30T00:00:00.000Z,0,22,113,99113,Vermilion (Parish),80037,,2023-05-22T03:41:22.800Z,ea80bf668e1abe25745a7531c5a26202c33063a2,030e5734-2785-4ab6-8e85-11fdf92f92a8,1980,29.84621938,-92.32457583
DR-621-MI,621,MI,DR,1980-05-16T00:00:00.000Z,1980,Tornado,SEVERE STORMS & TORNADOES,0,1,1,0,1980-05-16T00:00:00.000Z,1980-05-16T00:00:00.000Z,1984-07-06T00:00:00.000Z,0,26,77,99077,Kalamazoo (County),80035,,2023-05-22T03:41:22.800Z,5f15c51bf48c5f042a365d172bd956f644697987,1cfb8309-a2f7-446d-9524-165811e59271,1980,42.24536002,-85.53044157
DR-621-MI,621,MI,DR,1980-05-16T00:00:00.000Z,1980,Tornado,SEVERE STORMS & TORNADOES,0,1,1,0,1980-05-16T00:00:00.000Z,1980-05-16T00:00:00.000Z,1984-07-06T00:00:00.000Z,0,26,159,99159,Van Buren (County),80035,,2023-05-22T03:41:22.800Z,1ca8371ed186ca2ed9ed5ca0ac3ceada8c31bc0d,6f21cb30-1773-4e17-8a31-a24853dfd678,1980,42.25166438,-86.01839482
DR-620-MO,620,MO,DR,1980-05-15T00:00:00.000Z,1980,Tornado,SEVERE STORMS & TORNADOES,0,1,0,0,1980-05-15T00:00:00.000Z,1980-05-15T00:00:00.000Z,1984-01-30T00:00:00.000Z,0,29,159,99159,Pettis (County),80033,,2023-05-22T03:41:22.800Z,7a07ba7c9ca9bc0156c64bbf5a3948806089b62c,e2f6872e-a27d-467e-8937-6a0ebcd23157,1980,38.72825898,-93.28474912
DR-619-AL,619,AL,DR,1980-04-20T00:00:00.000Z,1980,Severe Storm,"SEVERE STORMS, TORNADOES & FLOODING",0,1,0,0,1980-04-20T00:00:00.000Z,1980-04-20T00:00:00.000Z,1991-06-03T00:00:00.000Z,0,1,81,99081,Lee (County),80027,,2023-05-22T03:41:22.800Z,b3bc1698baf4001e4e15068a7b5765d130406eb2,75c2cf71-2a2f-4bc0-ae70-cee78f58391c,1980,32.60106116,-85.35522451
DR-619-AL,619,AL,DR,1980-04-20T00:00:00.000Z,1980,Severe Storm,"SEVERE STORMS, TORNADOES & FLOODING",0,1,1,0,1980-04-20T00:00:00.000Z,1980-04-20T00:00:00.000Z,1991-06-03T00:00:00.000Z,0,1,97,99097,Mobile (County),80027,,2023-05-22T03:41:22.800Z,d2aba02147895f78f0613e38c202c46024de7c86,d9fef9dd-0d04-4e91-91b7-83d6ce45def3,1980,30.77909854,-88.20659057
DR-618-MS,618,MS,DR,1980-04-19T00:00:00.000Z,1980,Severe Storm,"STORMS, FLOOD, MUDSLIDES & TORNADOES",0,1,0,0,1980-04-19T00:00:00.000Z,1980-04-19T00:00:00.000Z,1987-03-20T00:00:00.000Z,0,28,91,99091,Marion (County),80025,,2023-05-22T03:41:22.800Z,1ce13e3b9f4d4224ee1163f88fb84600c0d8e385,eee6113d-066a-40a4-9afe-1dbabc79bf2a,1980,31.23086459,-89.8225233
DR-618-MS,618,MS,DR,1980-04-19T00:00:00.000Z,1980,Severe Storm,"STORMS, FLOOD, MUDSLIDES & TORNADOES",0,1,1,0,1980-04-19T00:00:00.000Z,1980-04-19T00:00:00.000Z,1987-03-20T00:00:00.000Z,0,28,1,99001,Adams (County),80025,,2023-05-22T03:41:22.800Z,7c0f515c494136709f2c218e428d86ab6b9721cd,b6071cba-a139-4684-8993-3b94317aee7a,1980,31.48172857,-91.35355624
DR-618-MS,618,MS,DR,1980-04-19T00:00:00.000Z,1980,Severe Storm,"STORMS, FLOOD, MUDSLIDES & TORNADOES",0,1,1,0,1980-04-19T00:00:00.000Z,1980-04-19T00:00:00.000Z,1987-03-20T00:00:00.000Z,0,28,35,99035,Forrest (County),80025,,2023-05-22T03:41:22.800Z,13b94d385d7c8db24227453c7abc76d3ff7026cd,2ae243b9-eb35-40bb-a1a1-f2eaf2bd2e8f,1980,31.18899065,-89.25794407
DR-618-MS,618,MS,DR,1980-04-19T00:00:00.000Z,1980,Severe Storm,"STORMS, FLOOD, MUDSLIDES & TORNADOES",0,1,1,0,1980-04-19T00:00:00.000Z,1980-04-19T00:00:00.000Z,1987-03-20T00:00:00.000Z,0,28,39,99039,George (County),80025,,2023-05-22T03:41:22.800Z,4ff3096726928cdced851ccd57ed687b923857ed,d81d3c48-d9da-466f-a43d-f7f15da8b170,1980,30.86260363,-88.64422567
DR-618-MS,618,MS,DR,1980-04-19T00:00:00.000Z,1980,Severe Storm,"STORMS, FLOOD, MUDSLIDES & TORNADOES",0,1,1,0,1980-04-19T00:00:00.000Z,1980-04-19T00:00:00.000Z,1987-03-20T00:00:00.000Z,0,28,47,99047,Harrison (County),80025,,2023-05-22T03:41:22.800Z,ca75abbcfada4ef3a967c4e0bbca886e0d2ff0bf,a3581e1a-61e3-4979-bedf-00ad261c10db,1980,30.50439082,-89.11140872
DR-618-MS,618,MS,DR,1980-04-19T00:00:00.000Z,1980,Severe Storm,"STORMS, FLOOD, MUDSLIDES & TORNADOES",0,1,1,0,1980-04-19T00:00:00.000Z,1980-04-19T00:00:00.000Z,1987-03-20T00:00:00.000Z,0,28,59,99059,Jackson (County),80025,,2023-05-22T03:41:22.800Z,b1a203f1ef403bca4a1367f5262e3d646e55de1a,38046682-3075-447a-ac84-3417d77170db,1980,30.53467952,-88.6353787
DR-618-MS,618,MS,DR,1980-04-19T00:00:00.000Z,1980,Severe Storm,"STORMS, FLOOD, MUDSLIDES & TORNADOES",0,1,1,0,1980-04-19T00:00:00.000Z,1980-04-19T00:00:00.000Z,1987-03-20T00:00:00.000Z,0,28,113,99113,Pike (County),80025,,2023-05-22T03:41:22.800Z,9fb82b24d72b8ecaf13abbe22edcec69a8360811,09dbfa33-fe06-4b5f-a327-e813a271cabe,1980,31.17495895,-90.40396978
DR-618-MS,618,MS,DR,1980-04-19T00:00:00.000Z,1980,Severe Storm,"STORMS, FLOOD, MUDSLIDES & TORNADOES",0,1,1,0,1980-04-19T00:00:00.000Z,1980-04-19T00:00:00.000Z,1987-03-20T00:00:00.000Z,0,28,147,99147,Walthall (County),80025,,2023-05-22T03:41:22.800Z,4d42e1a104dbdd96991f40bf19360af24c9c4abd,9ed32985-de1d-498e-8546-39f9be95178d,1980,31.14823915,-90.10601376
DR-617-AR,617,AR,DR,1980-04-16T00:00:00.000Z,1980,Tornado,SEVERE STORMS & TORNADOES,0,1,0,0,1980-04-16T00:00:00.000Z,1980-04-16T00:00:00.000Z,1983-10-31T00:00:00.000Z,0,5,35,99035,Crittenden (County),80024,,2023-05-22T03:41:22.800Z,0afc85edef332fbfecf5a9fbaf0a7096418d6a8d,fa950084-e440-4040-a6fa-fd8f8148b157,1980,35.20762172,-90.30924635
DR-617-AR,617,AR,DR,1980-04-16T00:00:00.000Z,1980,Tornado,SEVERE STORMS & TORNADOES,0,1,0,0,1980-04-16T00:00:00.000Z,1980-04-16T00:00:00.000Z,1983-10-31T00:00:00.000Z,0,5,45,99045,Faulkner (County),80024,,2023-05-22T03:41:22.800Z,d04db48e97770fde286fb0ddaf4e34baf8cbdde3,1d0edd77-0bd3-417e-9c15-7f758356ac22,1980,35.14732521,-92.33201857
DR-617-AR,617,AR,DR,1980-04-16T00:00:00.000Z,1980,Tornado,SEVERE STORMS & TORNADOES,0,1,0,0,1980-04-16T00:00:00.000Z,1980-04-16T00:00:00.000Z,1983-10-31T00:00:00.000Z,0,5,71,99071,Johnson (County),80024,,2023-05-22T03:41:22.800Z,7d1414d28a964e1a099f5b793055dff1c2eac16d,e5f7045a-8da8-4475-aea7-16a9c47a7609,1980,35.57001766,-93.46000035
DR-617-AR,617,AR,DR,1980-04-16T00:00:00.000Z,1980,Tornado,SEVERE STORMS & TORNADOES,0,1,0,0,1980-04-16T00:00:00.000Z,1980-04-16T00:00:00.000Z,1983-10-31T00:00:00.000Z,0,5,85,99085,Lonoke (County),80024,,2023-05-22T03:41:22.800Z,a25626ab571042c545915cba0bd36e7f8c27d0ca,9c1ca48a-955e-4af7-b889-0c1b5b88db17,1980,34.75441172,-91.88791683
DR-617-AR,617,AR,DR,1980-04-16T00:00:00.000Z,1980,Tornado,SEVERE STORMS & TORNADOES,0,1,0,0,1980-04-16T00:00:00.000Z,1980-04-16T00:00:00.000Z,1983-10-31T00:00:00.000Z,0,5,119,99119,Pulaski (County),80024,,2023-05-22T03:41:22.800Z,c124af791e7947e039b1c7191ff9e163b8186337,2d0f9bd1-9e05-4674-bb79-2396f4382d9a,1980,34.76993891,-92.31191414
DR-616-LA,616,LA,DR,1980-04-09T00:00:00.000Z,1980,Flood,SEVERE STORMS & FLOODING,0,1,0,0,1980-04-09T00:00:00.000Z,1980-04-09T00:00:00.000Z,1984-11-30T00:00:00.000Z,0,22,5,93440,Ward 9 (Police Jury Ward),80023,,2023-05-22T03:41:22.800Z,e05475aecf213743dd9cab144e48044fee894d9f,dbcd99bb-9f34-47be-9144-2dc5d070faea,1980,30.20335229,-90.91101939
DR-616-LA,616,LA,DR,1980-04-09T00:00:00.000Z,1980,Flood,SEVERE STORMS & FLOODING,0,1,0,0,1980-04-09T00:00:00.000Z,1980-04-09T00:00:00.000Z,1984-11-30T00:00:00.000Z,0,22,7,99007,Assumption (Parish),80023,,2023-05-22T03:41:22.800Z,b285037329dcfe1673f1517ab6d0e7540a297cf7,a38bfd6b-578c-453b-99a6-c5fd0e6f1f89,1980,29.90081675,-91.06263132
DR-616-LA,616,LA,DR,1980-04-09T00:00:00.000Z,1980,Flood,SEVERE STORMS & FLOODING,0,1,0,0,1980-04-09T00:00:00.000Z,1980-04-09T00:00:00.000Z,1984-11-30T00:00:00.000Z,0,22,47,99047,Iberville (Parish),80023,,2023-05-22T03:41:22.800Z,8c6d5fc40e3e3cd5c1982b5c05750689c355b8a1,07d58040-b28f-479e-aecf-edf3072b905e,1980,30.25819586,-91.3485086
DR-616-LA,616,LA,DR,1980-04-09T00:00:00.000Z,1980,Flood,SEVERE STORMS & FLOODING,0,1,0,0,1980-04-09T00:00:00.000Z,1980-04-09T00:00:00.000Z,1984-11-30T00:00:00.000Z,0,22,51,99051,Jefferson (Parish),80023,,2023-05-22T03:41:22.800Z,7fd6d0b5ba29be0df30c1eaf2fcf743026d8831f,3c987698-2ffc-4e3d-ba75-ff38d964c6d6,1980,29.74131251,-90.11275154
DR-616-LA,616,LA,DR,1980-04-09T00:00:00.000Z,1980,Flood,SEVERE STORMS & FLOODING,0,1,0,0,1980-04-09T00:00:00.000Z,1980-04-09T00:00:00.000Z,1984-11-30T00:00:00.000Z,0,22,57,99057,Lafourche (Parish),80023,,2023-05-22T03:41:22.800Z,c542294a017e48217557b4ef2d349314cd3c770d,61b98ff5-b297-46ef-af80-6a2fdc51ff73,1980,29.55797842,-90.41865517
DR-616-LA,616,LA,DR,1980-04-09T00:00:00.000Z,1980,Flood,SEVERE STORMS & FLOODING,0,1,0,0,1980-04-09T00:00:00.000Z,1980-04-09T00:00:00.000Z,1984-11-30T00:00:00.000Z,0,22,87,99087,St. Bernard (Parish),80023,,2023-05-22T03:41:22.800Z,de628ac366336bdc3901d70e9821ffe12f7f84b0,3d7831d0-f8ca-4597-98c2-813d62191f83,1980,29.8750922,-89.53768188
DR-616-LA,616,LA,DR,1980-04-09T00:00:00.000Z,1980,Flood,SEVERE STORMS & FLOODING,0,1,0,0,1980-04-09T00:00:00.000Z,1980-04-09T00:00:00.000Z,1984-11-30T00:00:00.000Z,0,22,89,99089,St. Charles (Parish),80023,,2023-05-22T03:41:22.800Z,3bfa6aecb7a7cb213a0f0bef0b7da5726bc39036,9207daae-c01a-4844-8bc9-0979cd8ccfcf,1980,29.90559494,-90.35781296
DR-616-LA,616,LA,DR,1980-04-09T00:00:00.000Z,1980,Flood,SEVERE STORMS & FLOODING,0,1,0,0,1980-04-09T00:00:00.000Z,1980-04-09T00:00:00.000Z,1984-11-30T00:00:00.000Z,0,22,99,99099,St. Martin (Parish),80023,,2023-05-22T03:41:22.800Z,932b5012275dd6e944d0cfbf9ec751a0f0641d63,8d649a35-c0bc-42e0-9287-ec377fef3153,1980,30.12930997,-91.60785079
DR-616-LA,616,LA,DR,1980-04-09T00:00:00.000Z,1980,Flood,SEVERE STORMS & FLOODING,0,1,0,0,1980-04-09T00:00:00.000Z,1980-04-09T00:00:00.000Z,1984-11-30T00:00:00.000Z,0,22,101,99101,St. Mary (Parish),80023,,2023-05-22T03:41:22.800Z,12728f31b25a9c2d8dd72bfe9e16c97c655a4e7e,cb179dae-2eca-46e7-ab3d-e48572d4d8fd,1980,29.70500764,-91.44469375
DR-616-LA,616,LA,DR,1980-04-09T00:00:00.000Z,1980,Flood,SEVERE STORMS & FLOODING,0,1,0,0,1980-04-09T00:00:00.000Z,1980-04-09T00:00:00.000Z,1984-11-30T00:00:00.000Z,0,22,103,99103,St. Tammany (Parish),80023,,2023-05-22T03:41:22.800Z,8a99908e939249b6a3148ebf52f4b6d8b101c1b7,a303deed-270a-44dc-aeff-f15e719cb838,1980,30.40987792,-89.95737111
DR-616-LA,616,LA,DR,1980-04-09T00:00:00.000Z,1980,Flood,SEVERE STORMS & FLOODING,0,1,0,0,1980-04-09T00:00:00.000Z,1980-04-09T00:00:00.000Z,1984-11-30T00:00:00.000Z,0,22,109,99109,Terrebonne (Parish),80023,,2023-05-22T03:41:22.800Z,6ca3caf4129606488c751c71c76735ab3b67e396,399e0c03-3c67-4414-b8bc-e8432b602621,1980,29.40922061,-90.86454347
DR-616-LA,616,LA,DR,1980-04-09T00:00:00.000Z,1980,Flood,SEVERE STORMS & FLOODING,0,1,0,0,1980-04-09T00:00:00.000Z,1980-04-09T00:00:00.000Z,1984-11-30T00:00:00.000Z,0,22,117,99117,Washington (Parish),80023,,2023-05-22T03:41:22.800Z,8f66dd315b8dd04c3740503606e84793a27cfa09,8d57c770-d35d-466e-843b-7032346e7ca9,1980,30.85339081,-90.04035989
DR-615-CA,615,CA,DR,1980-02-21T00:00:00.000Z,1980,Flood,"SEVERE STORMS, MUDSLIDES & FLOODING",0,0,1,0,1980-01-08T00:00:00.000Z,1980-01-08T00:00:00.000Z,1997-06-26T00:00:00.000Z,0,6,87,99087,Santa Cruz (County),80019,,2023-05-22T03:41:22.800Z,3bddea4ee30b34564e26ae3b37598821d7754d9e,dfa63e0f-4a15-4da3-bbb9-4f0556709155,1980,37.0561908,-122.0017742
DR-615-CA,615,CA,DR,1980-02-21T00:00:00.000Z,1980,Flood,"SEVERE STORMS, MUDSLIDES & FLOODING",0,1,1,0,1980-01-08T00:00:00.000Z,1980-01-08T00:00:00.000Z,1997-06-26T00:00:00.000Z,0,6,37,99037,Los Angeles (County),80019,,2023-05-22T03:41:22.800Z,cf33fb82dae8ce372b0b7707d604e5373a60ec69,7e99d128-5aa7-4248-b199-08da00eb0fc2,1980,34.32134579,-118.224703
DR-615-CA,615,CA,DR,1980-02-21T00:00:00.000Z,1980,Flood,"SEVERE STORMS, MUDSLIDES & FLOODING",0,1,1,0,1980-01-08T00:00:00.000Z,1980-01-08T00:00:00.000Z,1997-06-26T00:00:00.000Z,0,6,59,99059,Orange (County),80019,,2023-05-22T03:41:22.800Z,c15a3fc47a6523c065cf0d835d0a02948a2904ae,ee096749-f91d-4eb4-95e7-45c64fb45661,1980,33.70311134,-117.760976
DR-615-CA,615,CA,DR,1980-02-21T00:00:00.000Z,1980,Flood,"SEVERE STORMS, MUDSLIDES & FLOODING",0,1,1,0,1980-01-08T00:00:00.000Z,1980-01-08T00:00:00.000Z,1997-06-26T00:00:00.000Z,0,6,65,99065,Riverside (County),80019,,2023-05-22T03:41:22.800Z,b1169ba7ab9fbe6c70e65b00eab0a94c650d97a6,f1162b23-fea8-4b39-8ce7-2be1b2fcc4e6,1980,33.74329781,-115.9939021
DR-615-CA,615,CA,DR,1980-02-21T00:00:00.000Z,1980,Flood,"SEVERE STORMS, MUDSLIDES & FLOODING",0,1,1,0,1980-01-08T00:00:00.000Z,1980-01-08T00:00:00.000Z,1997-06-26T00:00:00.000Z,0,6,71,99071,San Bernardino (County),80019,,2023-05-22T03:41:22.800Z,91335f170b003e648874f0ed3a7e32559911b0f9,bbc95c52-431e-46fa-956a-8db47c24e422,1980,34.84157876,-116.1783784
DR-615-CA,615,CA,DR,1980-02-21T00:00:00.000Z,1980,Flood,"SEVERE STORMS, MUDSLIDES & FLOODING",0,1,1,0,1980-01-08T00:00:00.000Z,1980-01-08T00:00:00.000Z,1997-06-26T00:00:00.000Z,0,6,73,99073,San Diego (County),80019,,2023-05-22T03:41:22.800Z,e640adcbc26403c33154d4c9b3071f86a78485e8,287b7bb6-db83-498f-a7a1-bf3bd81cb841,1980,33.03386576,-116.7353982
DR-615-CA,615,CA,DR,1980-02-21T00:00:00.000Z,1980,Flood,"SEVERE STORMS, MUDSLIDES & FLOODING",0,1,1,0,1980-01-08T00:00:00.000Z,1980-01-08T00:00:00.000Z,1997-06-26T00:00:00.000Z,0,6,83,99083,Santa Barbara (County),80019,,2023-05-22T03:41:22.800Z,c86324d6b027caa0dbde2ca41292ee0436e7bc8a,a4287858-78c0-4709-ba2f-4d761cd57bdd,1980,34.67142103,-120.0150919
DR-615-CA,615,CA,DR,1980-02-21T00:00:00.000Z,1980,Flood,"SEVERE STORMS, MUDSLIDES & FLOODING",0,1,1,0,1980-01-08T00:00:00.000Z,1980-01-08T00:00:00.000Z,1997-06-26T00:00:00.000Z,0,6,111,99111,Ventura (County),80019,,2023-05-22T03:41:22.800Z,5d39984eed49b8b314e5c7a6097aacee24b639ba,367269a1-1ef1-43be-ada5-cf23b0af6e31,1980,34.45474678,-119.0848457
DR-614-AZ,614,AZ,DR,1980-02-19T00:00:00.000Z,1980,Flood,SEVERE STORMS & FLOODING,0,1,1,0,1980-02-19T00:00:00.000Z,1980-02-19T00:00:00.000Z,1990-02-15T00:00:00.000Z,0,4,7,99007,Gila (County),80018,,2023-05-22T03:41:22.800Z,5670b8f2e6da164418a670eaea2ba4133d391ed8,8d6a53df-2900-4aaf-9c94-85d167d9379a,1980,33.79996932,-110.8119677
DR-614-AZ,614,AZ,DR,1980-02-19T00:00:00.000Z,1980,Flood,SEVERE STORMS & FLOODING,0,1,1,0,1980-02-19T00:00:00.000Z,1980-02-19T00:00:00.000Z,1990-02-15T00:00:00.000Z,0,4,13,99013,Maricopa (County),80018,,2023-05-22T03:41:22.800Z,248a46d3ea654bd5386a4f653e62d9c1e48cd25b,c89bd10c-a355-4e6e-943c-4a960d301ea4,1980,33.34875974,-112.4908888
DR-614-AZ,614,AZ,DR,1980-02-19T00:00:00.000Z,1980,Flood,SEVERE STORMS & FLOODING,0,1,1,0,1980-02-19T00:00:00.000Z,1980-02-19T00:00:00.000Z,1990-02-15T00:00:00.000Z,0,4,15,99015,Mohave (County),80018,,2023-05-22T03:41:22.800Z,352a4f9d42253822d246cf11b8c34866eec841de,9cda498c-d891-40c7-b11b-596e9af64b73,1980,35.70456821,-113.7581706
DR-614-AZ,614,AZ,DR,1980-02-19T00:00:00.000Z,1980,Flood,SEVERE STORMS & FLOODING,0,1,1,0,1980-02-19T00:00:00.000Z,1980-02-19T00:00:00.000Z,1990-02-15T00:00:00.000Z,0,4,17,99017,Navajo (County),80018,,2023-05-22T03:41:22.800Z,96982c4c983f7ca3df7e965f26d25a81e8557a09,3e2c60a1-96f0-4716-90bd-2e68f6570b1d,1980,35.39960537,-110.3213121
DR-614-AZ,614,AZ,DR,1980-02-19T00:00:00.000Z,1980,Flood,SEVERE STORMS & FLOODING,0,1,1,0,1980-02-19T00:00:00.000Z,1980-02-19T00:00:00.000Z,1990-02-15T00:00:00.000Z,0,4,25,99025,Yavapai (County),80018,,2023-05-22T03:41:22.800Z,e3c665177acee29c8286abd749422cbdb20da025,84e1f2a1-1ece-4c88-91c5-cdb830371037,1980,34.59969928,-112.5538467
DR-613-HI,613,HI,DR,1980-02-06T00:00:00.000Z,1980,Flood,"SEVERE STORMS, HIGH SURF & FLOODING",0,0,1,0,1980-02-06T00:00:00.000Z,1980-02-06T00:00:00.000Z,1985-05-18T00:00:00.000Z,0,15,9,99009,Maui (County),80014,,2023-05-22T03:41:22.800Z,493ce1c9bf47d4351a8af1af1a7a5051932c681a,703421e4-cde6-42ae-bb1e-8b1f795c9ba2,1980,20.86402572,-156.5692176
